County,Cumulative Deaths by End of Month,New Deaths During Month,Cumulative Confirmed Cases by End of Month,New Confirmed Cases During Month,Month,Year,Latitude,Longitude,Median Income,Income per Capita,Number of Poeple in Poverty,Median Age,Total Population,Percent White,Percent Black,Percent American Indian,Percent Asian,Percent Identifying as Mixed Race,Percent Hispanic,Percent of Pop Using Public Transit
Alameda,858,279,75947,21354,Jan,2021,37.65,-121.89,104888.0,49883.0,152060.0,37.8,1661584.0,631037.0,171922.0,11037.0,519249.0,130496.0,369546.0,114029.0
Alpine,0,0,74,7,Jan,2021,38.6,-119.82,85750.0,37690.0,139.0,47.6,1159.0,663.0,10.0,360.0,6.0,111.0,183.0,4.0
Amador,32,8,3260,727,Jan,2021,38.45,-120.66,65187.0,33897.0,2872.0,49.9,39023.0,33040.0,931.0,276.0,375.0,2834.0,5591.0,35.0
Butte,141,36,11789,3182,Jan,2021,39.67,-121.6,54972.0,30700.0,39676.0,36.9,223344.0,178568.0,3866.0,2628.0,10743.0,15608.0,37585.0,1010.0
Calaveras,21,0,1796,607,Jan,2021,38.21,-120.55,67054.0,33027.0,5177.0,52.8,45828.0,40058.0,450.0,518.0,864.0,2912.0,5710.0,142.0
Colusa,9,2,1977,564,Jan,2021,39.18,-122.23,59427.0,27614.0,2540.0,35.4,21491.0,17012.0,330.0,239.0,201.0,2308.0,12840.0,13.0
Contra Costa,531,180,58298,16235,Jan,2021,37.92,-121.93,103997.0,50118.0,93021.0,39.9,1147788.0,608789.0,98569.0,5191.0,200159.0,104757.0,295791.0,56093.0
Del Norte,2,0,869,109,Jan,2021,41.74,-123.9,49981.0,24361.0,4223.0,40.0,27692.0,20002.0,747.0,1943.0,880.0,2160.0,5552.0,31.0
El Dorado,83,56,8909,2716,Jan,2021,38.78,-120.52,83710.0,44651.0,16018.0,46.3,190345.0,164552.0,1586.0,1312.0,9111.0,8659.0,24773.0,926.0
Fresno,994,277,96283,23721,Jan,2021,36.76,-119.65,57109.0,25757.0,202296.0,32.4,990204.0,597574.0,46182.0,11604.0,105302.0,84357.0,528293.0,3740.0
Glenn,14,5,2531,712,Jan,2021,39.6,-122.39,51682.0,23715.0,4201.0,35.9,28060.0,22478.0,218.0,631.0,877.0,886.0,11828.0,24.0
Humboldt,25,4,2790,1001,Jan,2021,40.7,-123.88,49235.0,29584.0,26210.0,38.9,136101.0,107151.0,1558.0,6162.0,3948.0,10757.0,16228.0,996.0
Imperial,530,112,28579,4315,Jan,2021,33.04,-115.37,46222.0,18064.0,38408.0,32.5,180580.0,102305.0,4716.0,2111.0,2599.0,19433.0,152880.0,435.0
Inyo,27,7,1080,466,Jan,2021,36.51,-117.41,59296.0,33404.0,1745.0,45.3,17930.0,13705.0,96.0,1924.0,279.0,1398.0,4115.0,60.0
Kern,624,112,94467,24983,Jan,2021,35.34,-118.73,54851.0,23855.0,175902.0,31.9,892458.0,603368.0,48530.0,8462.0,43381.0,75215.0,480700.0,2266.0
Kings,172,64,21622,4697,Jan,2021,36.07,-119.82,61556.0,22919.0,21908.0,32.0,151090.0,95764.0,9820.0,2232.0,5626.0,13228.0,82954.0,149.0
Lake,33,9,2844,956,Jan,2021,39.1,-122.75,49254.0,29714.0,11057.0,45.3,64276.0,48712.0,1583.0,2540.0,940.0,3234.0,13667.0,160.0
Lassen,16,5,5059,418,Jan,2021,40.67,-120.59,56971.0,20928.0,2769.0,36.8,30600.0,24181.0,2713.0,794.0,471.0,1345.0,5893.0,26.0
Los Angeles,16857,6305,1121107,330525,Jan,2021,34.31,-118.23,71358.0,35685.0,1401656.0,36.7,10040682.0,4795186.0,810286.0,78132.0,1488626.0,729532.0,4851344.0,257977.0
Madera,94,28,15297,4062,Jan,2021,37.22,-119.77,61924.0,23212.0,28062.0,34.1,155925.0,94643.0,4919.0,2503.0,3362.0,11853.0,90958.0,224.0
Marin,188,40,12484,2569,Jan,2021,38.07,-122.72,121671.0,74446.0,17522.0,47.1,259441.0,199068.0,6001.0,673.0,15060.0,17433.0,41737.0,10060.0
Mariposa,5,1,368,113,Jan,2021,37.58,-119.91,50960.0,29882.0,2668.0,51.8,17319.0,15134.0,266.0,392.0,186.0,765.0,2041.0,99.0
Mendocino,37,13,3257,829,Jan,2021,39.44,-123.39,52915.0,30351.0,13929.0,43.4,87110.0,69709.0,424.0,3789.0,1740.0,6565.0,22354.0,67.0
Merced,337,108,27049,7542,Jan,2021,37.19,-120.72,56330.0,23677.0,50124.0,31.2,273661.0,139469.0,8190.0,2885.0,20881.0,16931.0,164836.0,948.0
Modoc,1,1,404,88,Jan,2021,41.59,-120.72,51250.0,25578.0,1537.0,47.6,8853.0,7801.0,123.0,313.0,169.0,201.0,1317.0,0.0
Mono,3,0,1161,265,Jan,2021,37.94,-118.89,64924.0,37103.0,1720.0,39.5,14395.0,11966.0,81.0,407.0,633.0,641.0,3893.0,1286.0
Monterey,278,87,40613,11393,Jan,2021,36.22,-121.24,76943.0,32122.0,50052.0,34.7,432977.0,209849.0,11162.0,3072.0,25186.0,29647.0,255512.0,2438.0
Napa,52,24,8479,2556,Jan,2021,38.51,-122.33,92219.0,46912.0,10163.0,41.8,138572.0,98614.0,2862.0,961.0,10485.0,9742.0,47300.0,940.0
Nevada,20,5,3680,921,Jan,2021,39.3,-120.76,68333.0,41079.0,9345.0,50.5,99417.0,91597.0,410.0,496.0,1108.0,4484.0,9480.0,81.0
Orange,3109,1234,247035,63170,Jan,2021,33.7,-117.76,94441.0,43049.0,317682.0,38.3,3170345.0,1826960.0,54061.0,15552.0,667534.0,217089.0,1071393.0,27645.0
Placer,204,71,19568,4940,Jan,2021,39.06,-120.72,93677.0,46023.0,27745.0,42.2,391799.0,314938.0,6310.0,2204.0,31938.0,24914.0,55932.0,1830.0
Plumas,2,1,564,143,Jan,2021,40,-120.84,57233.0,34334.0,2310.0,51.9,18844.0,16679.0,279.0,350.0,232.0,941.0,1749.0,60.0
Riverside,3092,1102,279803,81872,Jan,2021,33.74,-115.99,70732.0,29913.0,300424.0,35.8,2437864.0,1358654.0,157908.0,18852.0,164464.0,190963.0,1204521.0,10987.0
Sacramento,1193,345,87937,20305,Jan,2021,38.45,-121.34,70684.0,34078.0,210174.0,36.4,1537948.0,839349.0,148884.0,9505.0,256464.0,140768.0,360204.0,15579.0
San Benito,48,20,5502,1697,Jan,2021,36.6,-121.07,85808.0,33841.0,5709.0,35.7,61547.0,45157.0,523.0,527.0,1745.0,7315.0,37015.0,171.0
San Bernardino,2172,582,278127,68555,Jan,2021,34.84,-116.18,65761.0,26402.0,315656.0,33.6,2162532.0,1212480.0,176523.0,18369.0,159917.0,202057.0,1163038.0,11534.0
San Diego,2619,1027,250985,82840,Jan,2021,33.03,-116.74,82426.0,39737.0,353841.0,36.1,3323970.0,2213608.0,164042.0,24373.0,398526.0,286106.0,1126266.0,42978.0
San Francisco,324,137,32586,8205,Jan,2021,37.75,-122.44,119136.0,72041.0,87125.0,38.3,874784.0,392476.0,44930.0,3800.0,300339.0,62702.0,132865.0,161085.0
San Joaquin,877,220,64024,15625,Jan,2021,37.93,-121.27,68628.0,28928.0,100689.0,34.4,751615.0,387165.0,53116.0,4695.0,119446.0,106196.0,313385.0,5006.0
San Luis Obispo,199,105,18168,6738,Jan,2021,35.39,-120.4,77948.0,38686.0,29547.0,39.5,282517.0,233297.0,4865.0,2383.0,10559.0,18720.0,64275.0,1274.0
San Mateo,220,26,36205,11031,Jan,2021,37.42,-122.33,128091.0,64450.0,46923.0,39.8,765623.0,369924.0,18104.0,3917.0,225027.0,57690.0,184490.0,41094.0
Santa Barbara,297,133,29737,11415,Jan,2021,34.65,-120.02,78925.0,38141.0,54621.0,33.8,444895.0,319547.0,8474.0,4941.0,24678.0,43286.0,203207.0,6141.0
Santa Clara,1343,663,102935,30720,Jan,2021,37.23,-121.7,130890.0,59297.0,135771.0,37.2,1924379.0,801381.0,47379.0,9990.0,724855.0,143857.0,482101.0,39110.0
Santa Cruz,149,65,14222,4691,Jan,2021,37.06,-122.01,89986.0,44278.0,31120.0,38.2,273170.0,195781.0,3472.0,1708.0,13563.0,19184.0,91876.0,2971.0
Shasta,112,40,11425,2559,Jan,2021,40.76,-122.04,57139.0,31049.0,26504.0,41.7,179267.0,152586.0,1912.0,4420.0,5772.0,10371.0,18566.0,410.0
Sierra,0,0,54,22,Jan,2021,39.58,-120.52,52103.0,32533.0,271.0,54.0,2898.0,2722.0,3.0,69.0,0.0,16.0,293.0,4.0
Siskiyou,4,1,1432,368,Jan,2021,41.59,-122.54,47403.0,29381.0,7294.0,47.7,43516.0,36195.0,668.0,1686.0,547.0,3434.0,5605.0,36.0
Solano,117,20,28143,8561,Jan,2021,38.27,-121.94,84638.0,36685.0,39388.0,38.3,444538.0,225258.0,60991.0,2531.0,69169.0,41339.0,119294.0,5671.0
Sonoma,243,54,26152,6528,Jan,2021,38.53,-122.89,86173.0,44071.0,43086.0,42.4,496801.0,360200.0,8266.0,4441.0,21239.0,34952.0,134024.0,3926.0
Stanislaus,805,163,51038,12566,Jan,2021,37.56,-121,62873.0,27225.0,73072.0,34.3,546235.0,384703.0,16961.0,4738.0,32003.0,47592.0,256424.0,1692.0
Sutter,89,37,8389,1789,Jan,2021,39.03,-121.69,63502.0,29495.0,12460.0,35.8,96315.0,61307.0,1894.0,1061.0,15997.0,9518.0,30101.0,404.0
Tehama,21,12,4723,1326,Jan,2021,40.13,-122.24,48895.0,29012.0,11922.0,40.6,64176.0,53987.0,420.0,865.0,1090.0,4452.0,16435.0,89.0
Trinity,3,1,323,22,Jan,2021,40.65,-123.11,41780.0,26228.0,2860.0,52.4,12541.0,10694.0,65.0,722.0,244.0,332.0,933.0,61.0
Tulare,618,164,51394,13352,Jan,2021,36.22,-118.8,52534.0,22092.0,99610.0,31.2,463955.0,309798.0,7606.0,5955.0,17310.0,37160.0,301919.0,1120.0
Tuolumne,39,26,3568,641,Jan,2021,38.03,-119.95,60509.0,35694.0,5564.0,48.7,54147.0,46905.0,1007.0,948.0,753.0,2789.0,6810.0,91.0
Ventura,502,249,73647,29869,Jan,2021,34.44,-119.09,89295.0,39403.0,74449.0,38.5,845599.0,637686.0,15422.0,6990.0,61239.0,71894.0,361648.0,3998.0
Yolo,151,31,11959,3429,Jan,2021,38.68,-121.9,73746.0,36036.0,39197.0,31.1,218774.0,145299.0,5694.0,1420.0,31584.0,21326.0,69341.0,4097.0
Yuba,33,14,5157,1273,Jan,2021,39.26,-121.35,59424.0,25774.0,11420.0,33.0,77524.0,56990.0,2632.0,1030.0,5631.0,7561.0,22318.0,175.0
Alameda,1105,247,82506,6559,Feb,2021,37.65,-121.89,104888.0,49883.0,152060.0,37.8,1661584.0,631037.0,171922.0,11037.0,519249.0,130496.0,369546.0,114029.0
Alpine,0,0,82,8,Feb,2021,38.6,-119.82,85750.0,37690.0,139.0,47.6,1159.0,663.0,10.0,360.0,6.0,111.0,183.0,4.0
Amador,42,10,3499,239,Feb,2021,38.45,-120.66,65187.0,33897.0,2872.0,49.9,39023.0,33040.0,931.0,276.0,375.0,2834.0,5591.0,35.0
Butte,180,39,12615,826,Feb,2021,39.67,-121.6,54972.0,30700.0,39676.0,36.9,223344.0,178568.0,3866.0,2628.0,10743.0,15608.0,37585.0,1010.0
Calaveras,46,25,1896,100,Feb,2021,38.21,-120.55,67054.0,33027.0,5177.0,52.8,45828.0,40058.0,450.0,518.0,864.0,2912.0,5710.0,142.0
Colusa,11,2,2135,158,Feb,2021,39.18,-122.23,59427.0,27614.0,2540.0,35.4,21491.0,17012.0,330.0,239.0,201.0,2308.0,12840.0,13.0
Contra Costa,694,163,63521,5223,Feb,2021,37.92,-121.93,103997.0,50118.0,93021.0,39.9,1147788.0,608789.0,98569.0,5191.0,200159.0,104757.0,295791.0,56093.0
Del Norte,5,3,987,118,Feb,2021,41.74,-123.9,49981.0,24361.0,4223.0,40.0,27692.0,20002.0,747.0,1943.0,880.0,2160.0,5552.0,31.0
El Dorado,98,15,9691,782,Feb,2021,38.78,-120.52,83710.0,44651.0,16018.0,46.3,190345.0,164552.0,1586.0,1312.0,9111.0,8659.0,24773.0,926.0
Fresno,1405,411,103364,7081,Feb,2021,36.76,-119.65,57109.0,25757.0,202296.0,32.4,990204.0,597574.0,46182.0,11604.0,105302.0,84357.0,528293.0,3740.0
Glenn,15,1,2724,193,Feb,2021,39.6,-122.39,51682.0,23715.0,4201.0,35.9,28060.0,22478.0,218.0,631.0,877.0,886.0,11828.0,24.0
Humboldt,30,5,3200,410,Feb,2021,40.7,-123.88,49235.0,29584.0,26210.0,38.9,136101.0,107151.0,1558.0,6162.0,3948.0,10757.0,16228.0,996.0
Imperial,636,106,29359,780,Feb,2021,33.04,-115.37,46222.0,18064.0,38408.0,32.5,180580.0,102305.0,4716.0,2111.0,2599.0,19433.0,152880.0,435.0
Inyo,35,8,1294,214,Feb,2021,36.51,-117.41,59296.0,33404.0,1745.0,45.3,17930.0,13705.0,96.0,1924.0,279.0,1398.0,4115.0,60.0
Kern,877,253,103422,8955,Feb,2021,35.34,-118.73,54851.0,23855.0,175902.0,31.9,892458.0,603368.0,48530.0,8462.0,43381.0,75215.0,480700.0,2266.0
Kings,217,45,22951,1329,Feb,2021,36.07,-119.82,61556.0,22919.0,21908.0,32.0,151090.0,95764.0,9820.0,2232.0,5626.0,13228.0,82954.0,149.0
Lake,40,7,3170,326,Feb,2021,39.1,-122.75,49254.0,29714.0,11057.0,45.3,64276.0,48712.0,1583.0,2540.0,940.0,3234.0,13667.0,160.0
Lassen,18,2,5220,161,Feb,2021,40.67,-120.59,56971.0,20928.0,2769.0,36.8,30600.0,24181.0,2713.0,794.0,471.0,1345.0,5893.0,26.0
Los Angeles,21467,4610,1192954,71847,Feb,2021,34.31,-118.23,71358.0,35685.0,1401656.0,36.7,10040682.0,4795186.0,810286.0,78132.0,1488626.0,729532.0,4851344.0,257977.0
Madera,194,100,16326,1029,Feb,2021,37.22,-119.77,61924.0,23212.0,28062.0,34.1,155925.0,94643.0,4919.0,2503.0,3362.0,11853.0,90958.0,224.0
Marin,214,26,13322,838,Feb,2021,38.07,-122.72,121671.0,74446.0,17522.0,47.1,259441.0,199068.0,6001.0,673.0,15060.0,17433.0,41737.0,10060.0
Mariposa,7,2,395,27,Feb,2021,37.58,-119.91,50960.0,29882.0,2668.0,51.8,17319.0,15134.0,266.0,392.0,186.0,765.0,2041.0,99.0
Mendocino,41,4,3633,376,Feb,2021,39.44,-123.39,52915.0,30351.0,13929.0,43.4,87110.0,69709.0,424.0,3789.0,1740.0,6565.0,22354.0,67.0
Merced,385,48,29496,2447,Feb,2021,37.19,-120.72,56330.0,23677.0,50124.0,31.2,273661.0,139469.0,8190.0,2885.0,20881.0,16931.0,164836.0,948.0
Modoc,3,2,445,41,Feb,2021,41.59,-120.72,51250.0,25578.0,1537.0,47.6,8853.0,7801.0,123.0,313.0,169.0,201.0,1317.0,0.0
Mono,3,0,1208,47,Feb,2021,37.94,-118.89,64924.0,37103.0,1720.0,39.5,14395.0,11966.0,81.0,407.0,633.0,641.0,3893.0,1286.0
Monterey,324,46,43364,2751,Feb,2021,36.22,-121.24,76943.0,32122.0,50052.0,34.7,432977.0,209849.0,11162.0,3072.0,25186.0,29647.0,255512.0,2438.0
Napa,70,18,9086,607,Feb,2021,38.51,-122.33,92219.0,46912.0,10163.0,41.8,138572.0,98614.0,2862.0,961.0,10485.0,9742.0,47300.0,940.0
Nevada,66,46,4139,459,Feb,2021,39.3,-120.76,68333.0,41079.0,9345.0,50.5,99417.0,91597.0,410.0,496.0,1108.0,4484.0,9480.0,81.0
Orange,3921,812,261408,14373,Feb,2021,33.7,-117.76,94441.0,43049.0,317682.0,38.3,3170345.0,1826960.0,54061.0,15552.0,667534.0,217089.0,1071393.0,27645.0
Placer,239,35,20914,1346,Feb,2021,39.06,-120.72,93677.0,46023.0,27745.0,42.2,391799.0,314938.0,6310.0,2204.0,31938.0,24914.0,55932.0,1830.0
Plumas,4,2,638,74,Feb,2021,40,-120.84,57233.0,34334.0,2310.0,51.9,18844.0,16679.0,279.0,350.0,232.0,941.0,1749.0,60.0
Riverside,3680,588,292609,12806,Feb,2021,33.74,-115.99,70732.0,29913.0,300424.0,35.8,2437864.0,1358654.0,157908.0,18852.0,164464.0,190963.0,1204521.0,10987.0
Sacramento,1401,208,94800,6863,Feb,2021,38.45,-121.34,70684.0,34078.0,210174.0,36.4,1537948.0,839349.0,148884.0,9505.0,256464.0,140768.0,360204.0,15579.0
San Benito,57,9,5859,357,Feb,2021,36.6,-121.07,85808.0,33841.0,5709.0,35.7,61547.0,45157.0,523.0,527.0,1745.0,7315.0,37015.0,171.0
San Bernardino,3603,1431,290191,12064,Feb,2021,34.84,-116.18,65761.0,26402.0,315656.0,33.6,2162532.0,1212480.0,176523.0,18369.0,159917.0,202057.0,1163038.0,11534.0
San Diego,3303,684,273554,22569,Feb,2021,33.03,-116.74,82426.0,39737.0,353841.0,36.1,3323970.0,2213608.0,164042.0,24373.0,398526.0,286106.0,1126266.0,42978.0
San Francisco,424,100,35382,2796,Feb,2021,37.75,-122.44,119136.0,72041.0,87125.0,38.3,874784.0,392476.0,44930.0,3800.0,300339.0,62702.0,132865.0,161085.0
San Joaquin,1097,220,68429,4405,Feb,2021,37.93,-121.27,68628.0,28928.0,100689.0,34.4,751615.0,387165.0,53116.0,4695.0,119446.0,106196.0,313385.0,5006.0
San Luis Obispo,239,40,19983,1815,Feb,2021,35.39,-120.4,77948.0,38686.0,29547.0,39.5,282517.0,233297.0,4865.0,2383.0,10559.0,18720.0,64275.0,1274.0
San Mateo,314,94,39501,3296,Feb,2021,37.42,-122.33,128091.0,64450.0,46923.0,39.8,765623.0,369924.0,18104.0,3917.0,225027.0,57690.0,184490.0,41094.0
Santa Barbara,413,116,32939,3202,Feb,2021,34.65,-120.02,78925.0,38141.0,54621.0,33.8,444895.0,319547.0,8474.0,4941.0,24678.0,43286.0,203207.0,6141.0
Santa Clara,1704,361,111260,8325,Feb,2021,37.23,-121.7,130890.0,59297.0,135771.0,37.2,1924379.0,801381.0,47379.0,9990.0,724855.0,143857.0,482101.0,39110.0
Santa Cruz,185,36,15346,1124,Feb,2021,37.06,-122.01,89986.0,44278.0,31120.0,38.2,273170.0,195781.0,3472.0,1708.0,13563.0,19184.0,91876.0,2971.0
Shasta,149,37,12221,796,Feb,2021,40.76,-122.04,57139.0,31049.0,26504.0,41.7,179267.0,152586.0,1912.0,4420.0,5772.0,10371.0,18566.0,410.0
Sierra,0,0,60,6,Feb,2021,39.58,-120.52,52103.0,32533.0,271.0,54.0,2898.0,2722.0,3.0,69.0,0.0,16.0,293.0,4.0
Siskiyou,5,1,1639,207,Feb,2021,41.59,-122.54,47403.0,29381.0,7294.0,47.7,43516.0,36195.0,668.0,1686.0,547.0,3434.0,5605.0,36.0
Solano,166,49,30119,1976,Feb,2021,38.27,-121.94,84638.0,36685.0,39388.0,38.3,444538.0,225258.0,60991.0,2531.0,69169.0,41339.0,119294.0,5671.0
Sonoma,278,35,28438,2286,Feb,2021,38.53,-122.89,86173.0,44071.0,43086.0,42.4,496801.0,360200.0,8266.0,4441.0,21239.0,34952.0,134024.0,3926.0
Stanislaus,890,85,55685,4647,Feb,2021,37.56,-121,62873.0,27225.0,73072.0,34.3,546235.0,384703.0,16961.0,4738.0,32003.0,47592.0,256424.0,1692.0
Sutter,99,10,8904,515,Feb,2021,39.03,-121.69,63502.0,29495.0,12460.0,35.8,96315.0,61307.0,1894.0,1061.0,15997.0,9518.0,30101.0,404.0
Tehama,32,11,5080,357,Feb,2021,40.13,-122.24,48895.0,29012.0,11922.0,40.6,64176.0,53987.0,420.0,865.0,1090.0,4452.0,16435.0,89.0
Trinity,3,0,374,51,Feb,2021,40.65,-123.11,41780.0,26228.0,2860.0,52.4,12541.0,10694.0,65.0,722.0,244.0,332.0,933.0,61.0
Tulare,781,163,55239,3845,Feb,2021,36.22,-118.8,52534.0,22092.0,99610.0,31.2,463955.0,309798.0,7606.0,5955.0,17310.0,37160.0,301919.0,1120.0
Tuolumne,53,14,3943,375,Feb,2021,38.03,-119.95,60509.0,35694.0,5564.0,48.7,54147.0,46905.0,1007.0,948.0,753.0,2789.0,6810.0,91.0
Ventura,775,273,80604,6957,Feb,2021,34.44,-119.09,89295.0,39403.0,74449.0,38.5,845599.0,637686.0,15422.0,6990.0,61239.0,71894.0,361648.0,3998.0
Yolo,188,37,13003,1044,Feb,2021,38.68,-121.9,73746.0,36036.0,39197.0,31.1,218774.0,145299.0,5694.0,1420.0,31584.0,21326.0,69341.0,4097.0
Yuba,41,8,5552,395,Feb,2021,39.26,-121.35,59424.0,25774.0,11420.0,33.0,77524.0,56990.0,2632.0,1030.0,5631.0,7561.0,22318.0,175.0
Alameda,1216,111,85347,2841,Mar,2021,37.65,-121.89,104888.0,49883.0,152060.0,37.8,1661584.0,631037.0,171922.0,11037.0,519249.0,130496.0,369546.0,114029.0
Alpine,0,0,88,6,Mar,2021,38.6,-119.82,85750.0,37690.0,139.0,47.6,1159.0,663.0,10.0,360.0,6.0,111.0,183.0,4.0
Amador,45,3,3589,90,Mar,2021,38.45,-120.66,65187.0,33897.0,2872.0,49.9,39023.0,33040.0,931.0,276.0,375.0,2834.0,5591.0,35.0
Butte,193,13,13023,408,Mar,2021,39.67,-121.6,54972.0,30700.0,39676.0,36.9,223344.0,178568.0,3866.0,2628.0,10743.0,15608.0,37585.0,1010.0
Calaveras,50,4,2017,121,Mar,2021,38.21,-120.55,67054.0,33027.0,5177.0,52.8,45828.0,40058.0,450.0,518.0,864.0,2912.0,5710.0,142.0
Colusa,14,3,2163,28,Mar,2021,39.18,-122.23,59427.0,27614.0,2540.0,35.4,21491.0,17012.0,330.0,239.0,201.0,2308.0,12840.0,13.0
Contra Costa,771,77,66303,2782,Mar,2021,37.92,-121.93,103997.0,50118.0,93021.0,39.9,1147788.0,608789.0,98569.0,5191.0,200159.0,104757.0,295791.0,56093.0
Del Norte,6,1,1149,162,Mar,2021,41.74,-123.9,49981.0,24361.0,4223.0,40.0,27692.0,20002.0,747.0,1943.0,880.0,2160.0,5552.0,31.0
El Dorado,106,8,10026,335,Mar,2021,38.78,-120.52,83710.0,44651.0,16018.0,46.3,190345.0,164552.0,1586.0,1312.0,9111.0,8659.0,24773.0,926.0
Fresno,1616,211,107529,4165,Mar,2021,36.76,-119.65,57109.0,25757.0,202296.0,32.4,990204.0,597574.0,46182.0,11604.0,105302.0,84357.0,528293.0,3740.0
Glenn,17,2,2849,125,Mar,2021,39.6,-122.39,51682.0,23715.0,4201.0,35.9,28060.0,22478.0,218.0,631.0,877.0,886.0,11828.0,24.0
Humboldt,35,5,3488,288,Mar,2021,40.7,-123.88,49235.0,29584.0,26210.0,38.9,136101.0,107151.0,1558.0,6162.0,3948.0,10757.0,16228.0,996.0
Imperial,710,74,30059,700,Mar,2021,33.04,-115.37,46222.0,18064.0,38408.0,32.5,180580.0,102305.0,4716.0,2111.0,2599.0,19433.0,152880.0,435.0
Inyo,36,1,1384,90,Mar,2021,36.51,-117.41,59296.0,33404.0,1745.0,45.3,17930.0,13705.0,96.0,1924.0,279.0,1398.0,4115.0,60.0
Kern,1264,387,106288,2866,Mar,2021,35.34,-118.73,54851.0,23855.0,175902.0,31.9,892458.0,603368.0,48530.0,8462.0,43381.0,75215.0,480700.0,2266.0
Kings,239,22,23578,627,Mar,2021,36.07,-119.82,61556.0,22919.0,21908.0,32.0,151090.0,95764.0,9820.0,2232.0,5626.0,13228.0,82954.0,149.0
Lake,43,3,3345,175,Mar,2021,39.1,-122.75,49254.0,29714.0,11057.0,45.3,64276.0,48712.0,1583.0,2540.0,940.0,3234.0,13667.0,160.0
Lassen,18,0,5249,29,Mar,2021,40.67,-120.59,56971.0,20928.0,2769.0,36.8,30600.0,24181.0,2713.0,794.0,471.0,1345.0,5893.0,26.0
Los Angeles,23191,1724,1220256,27302,Mar,2021,34.31,-118.23,71358.0,35685.0,1401656.0,36.7,10040682.0,4795186.0,810286.0,78132.0,1488626.0,729532.0,4851344.0,257977.0
Madera,230,36,16906,580,Mar,2021,37.22,-119.77,61924.0,23212.0,28062.0,34.1,155925.0,94643.0,4919.0,2503.0,3362.0,11853.0,90958.0,224.0
Marin,221,7,13848,526,Mar,2021,38.07,-122.72,121671.0,74446.0,17522.0,47.1,259441.0,199068.0,6001.0,673.0,15060.0,17433.0,41737.0,10060.0
Mariposa,7,0,410,15,Mar,2021,37.58,-119.91,50960.0,29882.0,2668.0,51.8,17319.0,15134.0,266.0,392.0,186.0,765.0,2041.0,99.0
Mendocino,45,4,3754,121,Mar,2021,39.44,-123.39,52915.0,30351.0,13929.0,43.4,87110.0,69709.0,424.0,3789.0,1740.0,6565.0,22354.0,67.0
Merced,425,40,30795,1299,Mar,2021,37.19,-120.72,56330.0,23677.0,50124.0,31.2,273661.0,139469.0,8190.0,2885.0,20881.0,16931.0,164836.0,948.0
Modoc,3,0,464,19,Mar,2021,41.59,-120.72,51250.0,25578.0,1537.0,47.6,8853.0,7801.0,123.0,313.0,169.0,201.0,1317.0,0.0
Mono,3,0,1262,54,Mar,2021,37.94,-118.89,64924.0,37103.0,1720.0,39.5,14395.0,11966.0,81.0,407.0,633.0,641.0,3893.0,1286.0
Monterey,339,15,44074,710,Mar,2021,36.22,-121.24,76943.0,32122.0,50052.0,34.7,432977.0,209849.0,11162.0,3072.0,25186.0,29647.0,255512.0,2438.0
Napa,78,8,9440,354,Mar,2021,38.51,-122.33,92219.0,46912.0,10163.0,41.8,138572.0,98614.0,2862.0,961.0,10485.0,9742.0,47300.0,940.0
Nevada,68,2,4467,328,Mar,2021,39.3,-120.76,68333.0,41079.0,9345.0,50.5,99417.0,91597.0,410.0,496.0,1108.0,4484.0,9480.0,81.0
Orange,4755,834,266353,4945,Mar,2021,33.7,-117.76,94441.0,43049.0,317682.0,38.3,3170345.0,1826960.0,54061.0,15552.0,667534.0,217089.0,1071393.0,27645.0
Placer,274,35,22165,1251,Mar,2021,39.06,-120.72,93677.0,46023.0,27745.0,42.2,391799.0,314938.0,6310.0,2204.0,31938.0,24914.0,55932.0,1830.0
Plumas,4,0,674,36,Mar,2021,40,-120.84,57233.0,34334.0,2310.0,51.9,18844.0,16679.0,279.0,350.0,232.0,941.0,1749.0,60.0
Riverside,4193,513,296665,4056,Mar,2021,33.74,-115.99,70732.0,29913.0,300424.0,35.8,2437864.0,1358654.0,157908.0,18852.0,164464.0,190963.0,1204521.0,10987.0
Sacramento,1521,120,99365,4565,Mar,2021,38.45,-121.34,70684.0,34078.0,210174.0,36.4,1537948.0,839349.0,148884.0,9505.0,256464.0,140768.0,360204.0,15579.0
San Benito,61,4,5969,110,Mar,2021,36.6,-121.07,85808.0,33841.0,5709.0,35.7,61547.0,45157.0,523.0,527.0,1745.0,7315.0,37015.0,171.0
San Bernardino,4404,801,294786,4595,Mar,2021,34.84,-116.18,65761.0,26402.0,315656.0,33.6,2162532.0,1212480.0,176523.0,18369.0,159917.0,202057.0,1163038.0,11534.0
San Diego,3555,252,284145,10591,Mar,2021,33.03,-116.74,82426.0,39737.0,353841.0,36.1,3323970.0,2213608.0,164042.0,24373.0,398526.0,286106.0,1126266.0,42978.0
San Francisco,488,64,36570,1188,Mar,2021,37.75,-122.44,119136.0,72041.0,87125.0,38.3,874784.0,392476.0,44930.0,3800.0,300339.0,62702.0,132865.0,161085.0
San Joaquin,1262,165,71945,3516,Mar,2021,37.93,-121.27,68628.0,28928.0,100689.0,34.4,751615.0,387165.0,53116.0,4695.0,119446.0,106196.0,313385.0,5006.0
San Luis Obispo,252,13,20854,871,Mar,2021,35.39,-120.4,77948.0,38686.0,29547.0,39.5,282517.0,233297.0,4865.0,2383.0,10559.0,18720.0,64275.0,1274.0
San Mateo,350,36,40881,1380,Mar,2021,37.42,-122.33,128091.0,64450.0,46923.0,39.8,765623.0,369924.0,18104.0,3917.0,225027.0,57690.0,184490.0,41094.0
Santa Barbara,443,30,34170,1231,Mar,2021,34.65,-120.02,78925.0,38141.0,54621.0,33.8,444895.0,319547.0,8474.0,4941.0,24678.0,43286.0,203207.0,6141.0
Santa Clara,1874,170,115250,3990,Mar,2021,37.23,-121.7,130890.0,59297.0,135771.0,37.2,1924379.0,801381.0,47379.0,9990.0,724855.0,143857.0,482101.0,39110.0
Santa Cruz,202,17,16060,714,Mar,2021,37.06,-122.01,89986.0,44278.0,31120.0,38.2,273170.0,195781.0,3472.0,1708.0,13563.0,19184.0,91876.0,2971.0
Shasta,181,32,12714,493,Mar,2021,40.76,-122.04,57139.0,31049.0,26504.0,41.7,179267.0,152586.0,1912.0,4420.0,5772.0,10371.0,18566.0,410.0
Sierra,0,0,62,2,Mar,2021,39.58,-120.52,52103.0,32533.0,271.0,54.0,2898.0,2722.0,3.0,69.0,0.0,16.0,293.0,4.0
Siskiyou,7,2,1761,122,Mar,2021,41.59,-122.54,47403.0,29381.0,7294.0,47.7,43516.0,36195.0,668.0,1686.0,547.0,3434.0,5605.0,36.0
Solano,237,71,31238,1119,Mar,2021,38.27,-121.94,84638.0,36685.0,39388.0,38.3,444538.0,225258.0,60991.0,2531.0,69169.0,41339.0,119294.0,5671.0
Sonoma,311,33,29512,1074,Mar,2021,38.53,-122.89,86173.0,44071.0,43086.0,42.4,496801.0,360200.0,8266.0,4441.0,21239.0,34952.0,134024.0,3926.0
Stanislaus,941,51,58464,2779,Mar,2021,37.56,-121,62873.0,27225.0,73072.0,34.3,546235.0,384703.0,16961.0,4738.0,32003.0,47592.0,256424.0,1692.0
Sutter,106,7,9185,281,Mar,2021,39.03,-121.69,63502.0,29495.0,12460.0,35.8,96315.0,61307.0,1894.0,1061.0,15997.0,9518.0,30101.0,404.0
Tehama,52,20,5274,194,Mar,2021,40.13,-122.24,48895.0,29012.0,11922.0,40.6,64176.0,53987.0,420.0,865.0,1090.0,4452.0,16435.0,89.0
Trinity,3,0,400,26,Mar,2021,40.65,-123.11,41780.0,26228.0,2860.0,52.4,12541.0,10694.0,65.0,722.0,244.0,332.0,933.0,61.0
Tulare,817,36,56754,1515,Mar,2021,36.22,-118.8,52534.0,22092.0,99610.0,31.2,463955.0,309798.0,7606.0,5955.0,17310.0,37160.0,301919.0,1120.0
Tuolumne,57,4,4018,75,Mar,2021,38.03,-119.95,60509.0,35694.0,5564.0,48.7,54147.0,46905.0,1007.0,948.0,753.0,2789.0,6810.0,91.0
Ventura,977,202,82222,1618,Mar,2021,34.44,-119.09,89295.0,39403.0,74449.0,38.5,845599.0,637686.0,15422.0,6990.0,61239.0,71894.0,361648.0,3998.0
Yolo,197,9,13514,511,Mar,2021,38.68,-121.9,73746.0,36036.0,39197.0,31.1,218774.0,145299.0,5694.0,1420.0,31584.0,21326.0,69341.0,4097.0
Yuba,44,3,5804,252,Mar,2021,39.26,-121.35,59424.0,25774.0,11420.0,33.0,77524.0,56990.0,2632.0,1030.0,5631.0,7561.0,22318.0,175.0
Alameda,1270,54,88573,3226,Apr,2021,37.65,-121.89,104888.0,49883.0,152060.0,37.8,1661584.0,631037.0,171922.0,11037.0,519249.0,130496.0,369546.0,114029.0
Alpine,0,0,88,0,Apr,2021,38.6,-119.82,85750.0,37690.0,139.0,47.6,1159.0,663.0,10.0,360.0,6.0,111.0,183.0,4.0
Amador,46,1,3682,93,Apr,2021,38.45,-120.66,65187.0,33897.0,2872.0,49.9,39023.0,33040.0,931.0,276.0,375.0,2834.0,5591.0,35.0
Butte,198,5,13629,606,Apr,2021,39.67,-121.6,54972.0,30700.0,39676.0,36.9,223344.0,178568.0,3866.0,2628.0,10743.0,15608.0,37585.0,1010.0
Calaveras,50,0,2109,92,Apr,2021,38.21,-120.55,67054.0,33027.0,5177.0,52.8,45828.0,40058.0,450.0,518.0,864.0,2912.0,5710.0,142.0
Colusa,14,0,2223,60,Apr,2021,39.18,-122.23,59427.0,27614.0,2540.0,35.4,21491.0,17012.0,330.0,239.0,201.0,2308.0,12840.0,13.0
Contra Costa,800,29,68988,2685,Apr,2021,37.92,-121.93,103997.0,50118.0,93021.0,39.9,1147788.0,608789.0,98569.0,5191.0,200159.0,104757.0,295791.0,56093.0
Del Norte,6,0,1303,154,Apr,2021,41.74,-123.9,49981.0,24361.0,4223.0,40.0,27692.0,20002.0,747.0,1943.0,880.0,2160.0,5552.0,31.0
El Dorado,110,4,10658,632,Apr,2021,38.78,-120.52,83710.0,44651.0,16018.0,46.3,190345.0,164552.0,1586.0,1312.0,9111.0,8659.0,24773.0,926.0
Fresno,1678,62,109804,2275,Apr,2021,36.76,-119.65,57109.0,25757.0,202296.0,32.4,990204.0,597574.0,46182.0,11604.0,105302.0,84357.0,528293.0,3740.0
Glenn,17,0,2904,55,Apr,2021,39.6,-122.39,51682.0,23715.0,4201.0,35.9,28060.0,22478.0,218.0,631.0,877.0,886.0,11828.0,24.0
Humboldt,36,1,3875,387,Apr,2021,40.7,-123.88,49235.0,29584.0,26210.0,38.9,136101.0,107151.0,1558.0,6162.0,3948.0,10757.0,16228.0,996.0
Imperial,721,11,30892,833,Apr,2021,33.04,-115.37,46222.0,18064.0,38408.0,32.5,180580.0,102305.0,4716.0,2111.0,2599.0,19433.0,152880.0,435.0
Inyo,36,0,1408,24,Apr,2021,36.51,-117.41,59296.0,33404.0,1745.0,45.3,17930.0,13705.0,96.0,1924.0,279.0,1398.0,4115.0,60.0
Kern,1354,90,108598,2310,Apr,2021,35.34,-118.73,54851.0,23855.0,175902.0,31.9,892458.0,603368.0,48530.0,8462.0,43381.0,75215.0,480700.0,2266.0
Kings,246,7,23855,277,Apr,2021,36.07,-119.82,61556.0,22919.0,21908.0,32.0,151090.0,95764.0,9820.0,2232.0,5626.0,13228.0,82954.0,149.0
Lake,43,0,3450,105,Apr,2021,39.1,-122.75,49254.0,29714.0,11057.0,45.3,64276.0,48712.0,1583.0,2540.0,940.0,3234.0,13667.0,160.0
Lassen,18,0,5275,26,Apr,2021,40.67,-120.59,56971.0,20928.0,2769.0,36.8,30600.0,24181.0,2713.0,794.0,471.0,1345.0,5893.0,26.0
Los Angeles,23919,728,1233505,13249,Apr,2021,34.31,-118.23,71358.0,35685.0,1401656.0,36.7,10040682.0,4795186.0,810286.0,78132.0,1488626.0,729532.0,4851344.0,257977.0
Madera,235,5,17317,411,Apr,2021,37.22,-119.77,61924.0,23212.0,28062.0,34.1,155925.0,94643.0,4919.0,2503.0,3362.0,11853.0,90958.0,224.0
Marin,228,7,14144,296,Apr,2021,38.07,-122.72,121671.0,74446.0,17522.0,47.1,259441.0,199068.0,6001.0,673.0,15060.0,17433.0,41737.0,10060.0
Mariposa,7,0,441,31,Apr,2021,37.58,-119.91,50960.0,29882.0,2668.0,51.8,17319.0,15134.0,266.0,392.0,186.0,765.0,2041.0,99.0
Mendocino,46,1,3862,108,Apr,2021,39.44,-123.39,52915.0,30351.0,13929.0,43.4,87110.0,69709.0,424.0,3789.0,1740.0,6565.0,22354.0,67.0
Merced,444,19,31786,991,Apr,2021,37.19,-120.72,56330.0,23677.0,50124.0,31.2,273661.0,139469.0,8190.0,2885.0,20881.0,16931.0,164836.0,948.0
Modoc,3,0,481,17,Apr,2021,41.59,-120.72,51250.0,25578.0,1537.0,47.6,8853.0,7801.0,123.0,313.0,169.0,201.0,1317.0,0.0
Mono,3,0,1275,13,Apr,2021,37.94,-118.89,64924.0,37103.0,1720.0,39.5,14395.0,11966.0,81.0,407.0,633.0,641.0,3893.0,1286.0
Monterey,379,40,44643,569,Apr,2021,36.22,-121.24,76943.0,32122.0,50052.0,34.7,432977.0,209849.0,11162.0,3072.0,25186.0,29647.0,255512.0,2438.0
Napa,81,3,9832,392,Apr,2021,38.51,-122.33,92219.0,46912.0,10163.0,41.8,138572.0,98614.0,2862.0,961.0,10485.0,9742.0,47300.0,940.0
Nevada,70,2,4810,343,Apr,2021,39.3,-120.76,68333.0,41079.0,9345.0,50.5,99417.0,91597.0,410.0,496.0,1108.0,4484.0,9480.0,81.0
Orange,4965,210,270194,3841,Apr,2021,33.7,-117.76,94441.0,43049.0,317682.0,38.3,3170345.0,1826960.0,54061.0,15552.0,667534.0,217089.0,1071393.0,27645.0
Placer,287,13,23652,1487,Apr,2021,39.06,-120.72,93677.0,46023.0,27745.0,42.2,391799.0,314938.0,6310.0,2204.0,31938.0,24914.0,55932.0,1830.0
Plumas,4,0,685,11,Apr,2021,40,-120.84,57233.0,34334.0,2310.0,51.9,18844.0,16679.0,279.0,350.0,232.0,941.0,1749.0,60.0
Riverside,4412,219,300859,4194,Apr,2021,33.74,-115.99,70732.0,29913.0,300424.0,35.8,2437864.0,1358654.0,157908.0,18852.0,164464.0,190963.0,1204521.0,10987.0
Sacramento,1602,81,104695,5330,Apr,2021,38.45,-121.34,70684.0,34078.0,210174.0,36.4,1537948.0,839349.0,148884.0,9505.0,256464.0,140768.0,360204.0,15579.0
San Benito,63,2,6139,170,Apr,2021,36.6,-121.07,85808.0,33841.0,5709.0,35.7,61547.0,45157.0,523.0,527.0,1745.0,7315.0,37015.0,171.0
San Bernardino,4652,248,299657,4871,Apr,2021,34.84,-116.18,65761.0,26402.0,315656.0,33.6,2162532.0,1212480.0,176523.0,18369.0,159917.0,202057.0,1163038.0,11534.0
San Diego,3706,151,290872,6727,Apr,2021,33.03,-116.74,82426.0,39737.0,353841.0,36.1,3323970.0,2213608.0,164042.0,24373.0,398526.0,286106.0,1126266.0,42978.0
San Francisco,541,53,37741,1171,Apr,2021,37.75,-122.44,119136.0,72041.0,87125.0,38.3,874784.0,392476.0,44930.0,3800.0,300339.0,62702.0,132865.0,161085.0
San Joaquin,1325,63,74782,2837,Apr,2021,37.93,-121.27,68628.0,28928.0,100689.0,34.4,751615.0,387165.0,53116.0,4695.0,119446.0,106196.0,313385.0,5006.0
San Luis Obispo,254,2,21603,749,Apr,2021,35.39,-120.4,77948.0,38686.0,29547.0,39.5,282517.0,233297.0,4865.0,2383.0,10559.0,18720.0,64275.0,1274.0
San Mateo,411,61,42072,1191,Apr,2021,37.42,-122.33,128091.0,64450.0,46923.0,39.8,765623.0,369924.0,18104.0,3917.0,225027.0,57690.0,184490.0,41094.0
Santa Barbara,453,10,35194,1024,Apr,2021,34.65,-120.02,78925.0,38141.0,54621.0,33.8,444895.0,319547.0,8474.0,4941.0,24678.0,43286.0,203207.0,6141.0
Santa Clara,1988,114,118990,3740,Apr,2021,37.23,-121.7,130890.0,59297.0,135771.0,37.2,1924379.0,801381.0,47379.0,9990.0,724855.0,143857.0,482101.0,39110.0
Santa Cruz,207,5,16779,719,Apr,2021,37.06,-122.01,89986.0,44278.0,31120.0,38.2,273170.0,195781.0,3472.0,1708.0,13563.0,19184.0,91876.0,2971.0
Shasta,197,16,13343,629,Apr,2021,40.76,-122.04,57139.0,31049.0,26504.0,41.7,179267.0,152586.0,1912.0,4420.0,5772.0,10371.0,18566.0,410.0
Sierra,0,0,65,3,Apr,2021,39.58,-120.52,52103.0,32533.0,271.0,54.0,2898.0,2722.0,3.0,69.0,0.0,16.0,293.0,4.0
Siskiyou,11,4,1954,193,Apr,2021,41.59,-122.54,47403.0,29381.0,7294.0,47.7,43516.0,36195.0,668.0,1686.0,547.0,3434.0,5605.0,36.0
Solano,249,12,32605,1367,Apr,2021,38.27,-121.94,84638.0,36685.0,39388.0,38.3,444538.0,225258.0,60991.0,2531.0,69169.0,41339.0,119294.0,5671.0
Sonoma,318,7,30151,639,Apr,2021,38.53,-122.89,86173.0,44071.0,43086.0,42.4,496801.0,360200.0,8266.0,4441.0,21239.0,34952.0,134024.0,3926.0
Stanislaus,971,30,60844,2380,Apr,2021,37.56,-121,62873.0,27225.0,73072.0,34.3,546235.0,384703.0,16961.0,4738.0,32003.0,47592.0,256424.0,1692.0
Sutter,110,4,9438,253,Apr,2021,39.03,-121.69,63502.0,29495.0,12460.0,35.8,96315.0,61307.0,1894.0,1061.0,15997.0,9518.0,30101.0,404.0
Tehama,53,1,5497,223,Apr,2021,40.13,-122.24,48895.0,29012.0,11922.0,40.6,64176.0,53987.0,420.0,865.0,1090.0,4452.0,16435.0,89.0
Trinity,3,0,408,8,Apr,2021,40.65,-123.11,41780.0,26228.0,2860.0,52.4,12541.0,10694.0,65.0,722.0,244.0,332.0,933.0,61.0
Tulare,835,18,57533,779,Apr,2021,36.22,-118.8,52534.0,22092.0,99610.0,31.2,463955.0,309798.0,7606.0,5955.0,17310.0,37160.0,301919.0,1120.0
Tuolumne,61,4,4076,58,Apr,2021,38.03,-119.95,60509.0,35694.0,5564.0,48.7,54147.0,46905.0,1007.0,948.0,753.0,2789.0,6810.0,91.0
Ventura,1005,28,83187,965,Apr,2021,34.44,-119.09,89295.0,39403.0,74449.0,38.5,845599.0,637686.0,15422.0,6990.0,61239.0,71894.0,361648.0,3998.0
Yolo,208,11,13988,474,Apr,2021,38.68,-121.9,73746.0,36036.0,39197.0,31.1,218774.0,145299.0,5694.0,1420.0,31584.0,21326.0,69341.0,4097.0
Yuba,44,0,5993,189,Apr,2021,39.26,-121.35,59424.0,25774.0,11420.0,33.0,77524.0,56990.0,2632.0,1030.0,5631.0,7561.0,22318.0,175.0
Alameda,1253,-17,90395,1822,May,2021,37.65,-121.89,104888.0,49883.0,152060.0,37.8,1661584.0,631037.0,171922.0,11037.0,519249.0,130496.0,369546.0,114029.0
Alpine,0,0,89,1,May,2021,38.6,-119.82,85750.0,37690.0,139.0,47.6,1159.0,663.0,10.0,360.0,6.0,111.0,183.0,4.0
Amador,46,0,3719,37,May,2021,38.45,-120.66,65187.0,33897.0,2872.0,49.9,39023.0,33040.0,931.0,276.0,375.0,2834.0,5591.0,35.0
Butte,193,-5,14270,641,May,2021,39.67,-121.6,54972.0,30700.0,39676.0,36.9,223344.0,178568.0,3866.0,2628.0,10743.0,15608.0,37585.0,1010.0
Calaveras,55,5,2186,77,May,2021,38.21,-120.55,67054.0,33027.0,5177.0,52.8,45828.0,40058.0,450.0,518.0,864.0,2912.0,5710.0,142.0
Colusa,15,1,2268,45,May,2021,39.18,-122.23,59427.0,27614.0,2540.0,35.4,21491.0,17012.0,330.0,239.0,201.0,2308.0,12840.0,13.0
Contra Costa,813,13,70672,1684,May,2021,37.92,-121.93,103997.0,50118.0,93021.0,39.9,1147788.0,608789.0,98569.0,5191.0,200159.0,104757.0,295791.0,56093.0
Del Norte,8,2,1407,104,May,2021,41.74,-123.9,49981.0,24361.0,4223.0,40.0,27692.0,20002.0,747.0,1943.0,880.0,2160.0,5552.0,31.0
El Dorado,110,0,11017,359,May,2021,38.78,-120.52,83710.0,44651.0,16018.0,46.3,190345.0,164552.0,1586.0,1312.0,9111.0,8659.0,24773.0,926.0
Fresno,1706,28,111155,1351,May,2021,36.76,-119.65,57109.0,25757.0,202296.0,32.4,990204.0,597574.0,46182.0,11604.0,105302.0,84357.0,528293.0,3740.0
Glenn,18,1,2980,76,May,2021,39.6,-122.39,51682.0,23715.0,4201.0,35.9,28060.0,22478.0,218.0,631.0,877.0,886.0,11828.0,24.0
Humboldt,42,6,4336,461,May,2021,40.7,-123.88,49235.0,29584.0,26210.0,38.9,136101.0,107151.0,1558.0,6162.0,3948.0,10757.0,16228.0,996.0
Imperial,736,15,31412,520,May,2021,33.04,-115.37,46222.0,18064.0,38408.0,32.5,180580.0,102305.0,4716.0,2111.0,2599.0,19433.0,152880.0,435.0
Inyo,35,-1,1415,7,May,2021,36.51,-117.41,59296.0,33404.0,1745.0,45.3,17930.0,13705.0,96.0,1924.0,279.0,1398.0,4115.0,60.0
Kern,1389,35,110147,1549,May,2021,35.34,-118.73,54851.0,23855.0,175902.0,31.9,892458.0,603368.0,48530.0,8462.0,43381.0,75215.0,480700.0,2266.0
Kings,244,-2,24052,197,May,2021,36.07,-119.82,61556.0,22919.0,21908.0,32.0,151090.0,95764.0,9820.0,2232.0,5626.0,13228.0,82954.0,149.0
Lake,45,2,3532,82,May,2021,39.1,-122.75,49254.0,29714.0,11057.0,45.3,64276.0,48712.0,1583.0,2540.0,940.0,3234.0,13667.0,160.0
Lassen,18,0,5334,59,May,2021,40.67,-120.59,56971.0,20928.0,2769.0,36.8,30600.0,24181.0,2713.0,794.0,471.0,1345.0,5893.0,26.0
Los Angeles,24364,445,1244170,10665,May,2021,34.31,-118.23,71358.0,35685.0,1401656.0,36.7,10040682.0,4795186.0,810286.0,78132.0,1488626.0,729532.0,4851344.0,257977.0
Madera,240,5,17477,160,May,2021,37.22,-119.77,61924.0,23212.0,28062.0,34.1,155925.0,94643.0,4919.0,2503.0,3362.0,11853.0,90958.0,224.0
Marin,229,1,14336,192,May,2021,38.07,-122.72,121671.0,74446.0,17522.0,47.1,259441.0,199068.0,6001.0,673.0,15060.0,17433.0,41737.0,10060.0
Mariposa,7,0,458,17,May,2021,37.58,-119.91,50960.0,29882.0,2668.0,51.8,17319.0,15134.0,266.0,392.0,186.0,765.0,2041.0,99.0
Mendocino,47,1,4049,187,May,2021,39.44,-123.39,52915.0,30351.0,13929.0,43.4,87110.0,69709.0,424.0,3789.0,1740.0,6565.0,22354.0,67.0
Merced,456,12,32224,438,May,2021,37.19,-120.72,56330.0,23677.0,50124.0,31.2,273661.0,139469.0,8190.0,2885.0,20881.0,16931.0,164836.0,948.0
Modoc,3,0,505,24,May,2021,41.59,-120.72,51250.0,25578.0,1537.0,47.6,8853.0,7801.0,123.0,313.0,169.0,201.0,1317.0,0.0
Mono,3,0,1292,17,May,2021,37.94,-118.89,64924.0,37103.0,1720.0,39.5,14395.0,11966.0,81.0,407.0,633.0,641.0,3893.0,1286.0
Monterey,379,0,44888,245,May,2021,36.22,-121.24,76943.0,32122.0,50052.0,34.7,432977.0,209849.0,11162.0,3072.0,25186.0,29647.0,255512.0,2438.0
Napa,82,1,9983,151,May,2021,38.51,-122.33,92219.0,46912.0,10163.0,41.8,138572.0,98614.0,2862.0,961.0,10485.0,9742.0,47300.0,940.0
Nevada,72,2,5016,206,May,2021,39.3,-120.76,68333.0,41079.0,9345.0,50.5,99417.0,91597.0,410.0,496.0,1108.0,4484.0,9480.0,81.0
Orange,5065,100,272156,1962,May,2021,33.7,-117.76,94441.0,43049.0,317682.0,38.3,3170345.0,1826960.0,54061.0,15552.0,667534.0,217089.0,1071393.0,27645.0
Placer,293,6,24519,867,May,2021,39.06,-120.72,93677.0,46023.0,27745.0,42.2,391799.0,314938.0,6310.0,2204.0,31938.0,24914.0,55932.0,1830.0
Plumas,4,0,701,16,May,2021,40,-120.84,57233.0,34334.0,2310.0,51.9,18844.0,16679.0,279.0,350.0,232.0,941.0,1749.0,60.0
Riverside,4442,30,302877,2018,May,2021,33.74,-115.99,70732.0,29913.0,300424.0,35.8,2437864.0,1358654.0,157908.0,18852.0,164464.0,190963.0,1204521.0,10987.0
Sacramento,1644,42,108083,3388,May,2021,38.45,-121.34,70684.0,34078.0,210174.0,36.4,1537948.0,839349.0,148884.0,9505.0,256464.0,140768.0,360204.0,15579.0
San Benito,63,0,6183,44,May,2021,36.6,-121.07,85808.0,33841.0,5709.0,35.7,61547.0,45157.0,523.0,527.0,1745.0,7315.0,37015.0,171.0
San Bernardino,4758,106,301915,2258,May,2021,34.84,-116.18,65761.0,26402.0,315656.0,33.6,2162532.0,1212480.0,176523.0,18369.0,159917.0,202057.0,1163038.0,11534.0
San Diego,3756,50,295287,4415,May,2021,33.03,-116.74,82426.0,39737.0,353841.0,36.1,3323970.0,2213608.0,164042.0,24373.0,398526.0,286106.0,1126266.0,42978.0
San Francisco,550,9,38303,562,May,2021,37.75,-122.44,119136.0,72041.0,87125.0,38.3,874784.0,392476.0,44930.0,3800.0,300339.0,62702.0,132865.0,161085.0
San Joaquin,1383,58,76365,1583,May,2021,37.93,-121.27,68628.0,28928.0,100689.0,34.4,751615.0,387165.0,53116.0,4695.0,119446.0,106196.0,313385.0,5006.0
San Luis Obispo,256,2,21954,351,May,2021,35.39,-120.4,77948.0,38686.0,29547.0,39.5,282517.0,233297.0,4865.0,2383.0,10559.0,18720.0,64275.0,1274.0
San Mateo,462,51,42851,779,May,2021,37.42,-122.33,128091.0,64450.0,46923.0,39.8,765623.0,369924.0,18104.0,3917.0,225027.0,57690.0,184490.0,41094.0
Santa Barbara,456,3,35490,296,May,2021,34.65,-120.02,78925.0,38141.0,54621.0,33.8,444895.0,319547.0,8474.0,4941.0,24678.0,43286.0,203207.0,6141.0
Santa Clara,2057,69,120274,1284,May,2021,37.23,-121.7,130890.0,59297.0,135771.0,37.2,1924379.0,801381.0,47379.0,9990.0,724855.0,143857.0,482101.0,39110.0
Santa Cruz,207,0,16940,161,May,2021,37.06,-122.01,89986.0,44278.0,31120.0,38.2,273170.0,195781.0,3472.0,1708.0,13563.0,19184.0,91876.0,2971.0
Shasta,199,2,13988,645,May,2021,40.76,-122.04,57139.0,31049.0,26504.0,41.7,179267.0,152586.0,1912.0,4420.0,5772.0,10371.0,18566.0,410.0
Sierra,0,0,67,2,May,2021,39.58,-120.52,52103.0,32533.0,271.0,54.0,2898.0,2722.0,3.0,69.0,0.0,16.0,293.0,4.0
Siskiyou,21,10,2216,262,May,2021,41.59,-122.54,47403.0,29381.0,7294.0,47.7,43516.0,36195.0,668.0,1686.0,547.0,3434.0,5605.0,36.0
Solano,256,7,33504,899,May,2021,38.27,-121.94,84638.0,36685.0,39388.0,38.3,444538.0,225258.0,60991.0,2531.0,69169.0,41339.0,119294.0,5671.0
Sonoma,322,4,30659,508,May,2021,38.53,-122.89,86173.0,44071.0,43086.0,42.4,496801.0,360200.0,8266.0,4441.0,21239.0,34952.0,134024.0,3926.0
Stanislaus,990,19,62320,1476,May,2021,37.56,-121,62873.0,27225.0,73072.0,34.3,546235.0,384703.0,16961.0,4738.0,32003.0,47592.0,256424.0,1692.0
Sutter,111,1,9613,175,May,2021,39.03,-121.69,63502.0,29495.0,12460.0,35.8,96315.0,61307.0,1894.0,1061.0,15997.0,9518.0,30101.0,404.0
Tehama,63,10,5650,153,May,2021,40.13,-122.24,48895.0,29012.0,11922.0,40.6,64176.0,53987.0,420.0,865.0,1090.0,4452.0,16435.0,89.0
Trinity,3,0,419,11,May,2021,40.65,-123.11,41780.0,26228.0,2860.0,52.4,12541.0,10694.0,65.0,722.0,244.0,332.0,933.0,61.0
Tulare,845,10,58336,803,May,2021,36.22,-118.8,52534.0,22092.0,99610.0,31.2,463955.0,309798.0,7606.0,5955.0,17310.0,37160.0,301919.0,1120.0
Tuolumne,63,2,4137,61,May,2021,38.03,-119.95,60509.0,35694.0,5564.0,48.7,54147.0,46905.0,1007.0,948.0,753.0,2789.0,6810.0,91.0
Ventura,1021,16,83975,788,May,2021,34.44,-119.09,89295.0,39403.0,74449.0,38.5,845599.0,637686.0,15422.0,6990.0,61239.0,71894.0,361648.0,3998.0
Yolo,210,2,14307,319,May,2021,38.68,-121.9,73746.0,36036.0,39197.0,31.1,218774.0,145299.0,5694.0,1420.0,31584.0,21326.0,69341.0,4097.0
Yuba,48,4,6193,200,May,2021,39.26,-121.35,59424.0,25774.0,11420.0,33.0,77524.0,56990.0,2632.0,1030.0,5631.0,7561.0,22318.0,175.0
Alameda,1253,0,91644,1249,Jun,2021,37.65,-121.89,104888.0,49883.0,152060.0,37.8,1661584.0,631037.0,171922.0,11037.0,519249.0,130496.0,369546.0,114029.0
Alpine,0,0,89,0,Jun,2021,38.6,-119.82,85750.0,37690.0,139.0,47.6,1159.0,663.0,10.0,360.0,6.0,111.0,183.0,4.0
Amador,46,0,3790,71,Jun,2021,38.45,-120.66,65187.0,33897.0,2872.0,49.9,39023.0,33040.0,931.0,276.0,375.0,2834.0,5591.0,35.0
Butte,201,8,14583,313,Jun,2021,39.67,-121.6,54972.0,30700.0,39676.0,36.9,223344.0,178568.0,3866.0,2628.0,10743.0,15608.0,37585.0,1010.0
Calaveras,55,0,2213,27,Jun,2021,38.21,-120.55,67054.0,33027.0,5177.0,52.8,45828.0,40058.0,450.0,518.0,864.0,2912.0,5710.0,142.0
Colusa,15,0,2291,23,Jun,2021,39.18,-122.23,59427.0,27614.0,2540.0,35.4,21491.0,17012.0,330.0,239.0,201.0,2308.0,12840.0,13.0
Contra Costa,818,5,72256,1584,Jun,2021,37.92,-121.93,103997.0,50118.0,93021.0,39.9,1147788.0,608789.0,98569.0,5191.0,200159.0,104757.0,295791.0,56093.0
Del Norte,8,0,1452,45,Jun,2021,41.74,-123.9,49981.0,24361.0,4223.0,40.0,27692.0,20002.0,747.0,1943.0,880.0,2160.0,5552.0,31.0
El Dorado,113,3,11223,206,Jun,2021,38.78,-120.52,83710.0,44651.0,16018.0,46.3,190345.0,164552.0,1586.0,1312.0,9111.0,8659.0,24773.0,926.0
Fresno,1727,21,111209,54,Jun,2021,36.76,-119.65,57109.0,25757.0,202296.0,32.4,990204.0,597574.0,46182.0,11604.0,105302.0,84357.0,528293.0,3740.0
Glenn,20,2,3008,28,Jun,2021,39.6,-122.39,51682.0,23715.0,4201.0,35.9,28060.0,22478.0,218.0,631.0,877.0,886.0,11828.0,24.0
Humboldt,49,7,4581,245,Jun,2021,40.7,-123.88,49235.0,29584.0,26210.0,38.9,136101.0,107151.0,1558.0,6162.0,3948.0,10757.0,16228.0,996.0
Imperial,739,3,31356,-56,Jun,2021,33.04,-115.37,46222.0,18064.0,38408.0,32.5,180580.0,102305.0,4716.0,2111.0,2599.0,19433.0,152880.0,435.0
Inyo,35,0,1424,9,Jun,2021,36.51,-117.41,59296.0,33404.0,1745.0,45.3,17930.0,13705.0,96.0,1924.0,279.0,1398.0,4115.0,60.0
Kern,1407,18,111060,913,Jun,2021,35.34,-118.73,54851.0,23855.0,175902.0,31.9,892458.0,603368.0,48530.0,8462.0,43381.0,75215.0,480700.0,2266.0
Kings,245,1,24146,94,Jun,2021,36.07,-119.82,61556.0,22919.0,21908.0,32.0,151090.0,95764.0,9820.0,2232.0,5626.0,13228.0,82954.0,149.0
Lake,62,17,3636,104,Jun,2021,39.1,-122.75,49254.0,29714.0,11057.0,45.3,64276.0,48712.0,1583.0,2540.0,940.0,3234.0,13667.0,160.0
Lassen,19,1,5415,81,Jun,2021,40.67,-120.59,56971.0,20928.0,2769.0,36.8,30600.0,24181.0,2713.0,794.0,471.0,1345.0,5893.0,26.0
Los Angeles,24499,135,1250740,6570,Jun,2021,34.31,-118.23,71358.0,35685.0,1401656.0,36.7,10040682.0,4795186.0,810286.0,78132.0,1488626.0,729532.0,4851344.0,257977.0
Madera,240,0,17637,160,Jun,2021,37.22,-119.77,61924.0,23212.0,28062.0,34.1,155925.0,94643.0,4919.0,2503.0,3362.0,11853.0,90958.0,224.0
Marin,233,4,14404,68,Jun,2021,38.07,-122.72,121671.0,74446.0,17522.0,47.1,259441.0,199068.0,6001.0,673.0,15060.0,17433.0,41737.0,10060.0
Mariposa,7,0,467,9,Jun,2021,37.58,-119.91,50960.0,29882.0,2668.0,51.8,17319.0,15134.0,266.0,392.0,186.0,765.0,2041.0,99.0
Mendocino,49,2,4207,158,Jun,2021,39.44,-123.39,52915.0,30351.0,13929.0,43.4,87110.0,69709.0,424.0,3789.0,1740.0,6565.0,22354.0,67.0
Merced,469,13,32339,115,Jun,2021,37.19,-120.72,56330.0,23677.0,50124.0,31.2,273661.0,139469.0,8190.0,2885.0,20881.0,16931.0,164836.0,948.0
Modoc,4,1,557,52,Jun,2021,41.59,-120.72,51250.0,25578.0,1537.0,47.6,8853.0,7801.0,123.0,313.0,169.0,201.0,1317.0,0.0
Mono,3,0,1293,1,Jun,2021,37.94,-118.89,64924.0,37103.0,1720.0,39.5,14395.0,11966.0,81.0,407.0,633.0,641.0,3893.0,1286.0
Monterey,492,113,45059,171,Jun,2021,36.22,-121.24,76943.0,32122.0,50052.0,34.7,432977.0,209849.0,11162.0,3072.0,25186.0,29647.0,255512.0,2438.0
Napa,81,-1,10081,98,Jun,2021,38.51,-122.33,92219.0,46912.0,10163.0,41.8,138572.0,98614.0,2862.0,961.0,10485.0,9742.0,47300.0,940.0
Nevada,72,0,5159,143,Jun,2021,39.3,-120.76,68333.0,41079.0,9345.0,50.5,99417.0,91597.0,410.0,496.0,1108.0,4484.0,9480.0,81.0
Orange,5125,60,273636,1480,Jun,2021,33.7,-117.76,94441.0,43049.0,317682.0,38.3,3170345.0,1826960.0,54061.0,15552.0,667534.0,217089.0,1071393.0,27645.0
Placer,299,6,25319,800,Jun,2021,39.06,-120.72,93677.0,46023.0,27745.0,42.2,391799.0,314938.0,6310.0,2204.0,31938.0,24914.0,55932.0,1830.0
Plumas,4,0,719,18,Jun,2021,40,-120.84,57233.0,34334.0,2310.0,51.9,18844.0,16679.0,279.0,350.0,232.0,941.0,1749.0,60.0
Riverside,4536,94,307293,4416,Jun,2021,33.74,-115.99,70732.0,29913.0,300424.0,35.8,2437864.0,1358654.0,157908.0,18852.0,164464.0,190963.0,1204521.0,10987.0
Sacramento,1676,32,110100,2017,Jun,2021,38.45,-121.34,70684.0,34078.0,210174.0,36.4,1537948.0,839349.0,148884.0,9505.0,256464.0,140768.0,360204.0,15579.0
San Benito,63,0,6219,36,Jun,2021,36.6,-121.07,85808.0,33841.0,5709.0,35.7,61547.0,45157.0,523.0,527.0,1745.0,7315.0,37015.0,171.0
San Bernardino,5003,245,303318,1403,Jun,2021,34.84,-116.18,65761.0,26402.0,315656.0,33.6,2162532.0,1212480.0,176523.0,18369.0,159917.0,202057.0,1163038.0,11534.0
San Diego,3780,24,298167,2880,Jun,2021,33.03,-116.74,82426.0,39737.0,353841.0,36.1,3323970.0,2213608.0,164042.0,24373.0,398526.0,286106.0,1126266.0,42978.0
San Francisco,558,8,38409,106,Jun,2021,37.75,-122.44,119136.0,72041.0,87125.0,38.3,874784.0,392476.0,44930.0,3800.0,300339.0,62702.0,132865.0,161085.0
San Joaquin,1409,26,77433,1068,Jun,2021,37.93,-121.27,68628.0,28928.0,100689.0,34.4,751615.0,387165.0,53116.0,4695.0,119446.0,106196.0,313385.0,5006.0
San Luis Obispo,256,0,22084,130,Jun,2021,35.39,-120.4,77948.0,38686.0,29547.0,39.5,282517.0,233297.0,4865.0,2383.0,10559.0,18720.0,64275.0,1274.0
San Mateo,541,79,43178,327,Jun,2021,37.42,-122.33,128091.0,64450.0,46923.0,39.8,765623.0,369924.0,18104.0,3917.0,225027.0,57690.0,184490.0,41094.0
Santa Barbara,456,0,35654,164,Jun,2021,34.65,-120.02,78925.0,38141.0,54621.0,33.8,444895.0,319547.0,8474.0,4941.0,24678.0,43286.0,203207.0,6141.0
Santa Clara,2090,33,119733,-541,Jun,2021,37.23,-121.7,130890.0,59297.0,135771.0,37.2,1924379.0,801381.0,47379.0,9990.0,724855.0,143857.0,482101.0,39110.0
Santa Cruz,208,1,17055,115,Jun,2021,37.06,-122.01,89986.0,44278.0,31120.0,38.2,273170.0,195781.0,3472.0,1708.0,13563.0,19184.0,91876.0,2971.0
Shasta,204,5,14224,236,Jun,2021,40.76,-122.04,57139.0,31049.0,26504.0,41.7,179267.0,152586.0,1912.0,4420.0,5772.0,10371.0,18566.0,410.0
Sierra,0,0,72,5,Jun,2021,39.58,-120.52,52103.0,32533.0,271.0,54.0,2898.0,2722.0,3.0,69.0,0.0,16.0,293.0,4.0
Siskiyou,29,8,2270,54,Jun,2021,41.59,-122.54,47403.0,29381.0,7294.0,47.7,43516.0,36195.0,668.0,1686.0,547.0,3434.0,5605.0,36.0
Solano,268,12,34039,535,Jun,2021,38.27,-121.94,84638.0,36685.0,39388.0,38.3,444538.0,225258.0,60991.0,2531.0,69169.0,41339.0,119294.0,5671.0
Sonoma,316,-6,31363,704,Jun,2021,38.53,-122.89,86173.0,44071.0,43086.0,42.4,496801.0,360200.0,8266.0,4441.0,21239.0,34952.0,134024.0,3926.0
Stanislaus,1001,11,63081,761,Jun,2021,37.56,-121,62873.0,27225.0,73072.0,34.3,546235.0,384703.0,16961.0,4738.0,32003.0,47592.0,256424.0,1692.0
Sutter,114,3,9731,118,Jun,2021,39.03,-121.69,63502.0,29495.0,12460.0,35.8,96315.0,61307.0,1894.0,1061.0,15997.0,9518.0,30101.0,404.0
Tehama,63,0,5706,56,Jun,2021,40.13,-122.24,48895.0,29012.0,11922.0,40.6,64176.0,53987.0,420.0,865.0,1090.0,4452.0,16435.0,89.0
Trinity,3,0,437,18,Jun,2021,40.65,-123.11,41780.0,26228.0,2860.0,52.4,12541.0,10694.0,65.0,722.0,244.0,332.0,933.0,61.0
Tulare,853,8,58820,484,Jun,2021,36.22,-118.8,52534.0,22092.0,99610.0,31.2,463955.0,309798.0,7606.0,5955.0,17310.0,37160.0,301919.0,1120.0
Tuolumne,64,1,4157,20,Jun,2021,38.03,-119.95,60509.0,35694.0,5564.0,48.7,54147.0,46905.0,1007.0,948.0,753.0,2789.0,6810.0,91.0
Ventura,1033,12,84454,479,Jun,2021,34.44,-119.09,89295.0,39403.0,74449.0,38.5,845599.0,637686.0,15422.0,6990.0,61239.0,71894.0,361648.0,3998.0
Yolo,213,3,14464,157,Jun,2021,38.68,-121.9,73746.0,36036.0,39197.0,31.1,218774.0,145299.0,5694.0,1420.0,31584.0,21326.0,69341.0,4097.0
Yuba,51,3,6326,133,Jun,2021,39.26,-121.35,59424.0,25774.0,11420.0,33.0,77524.0,56990.0,2632.0,1030.0,5631.0,7561.0,22318.0,175.0
Alameda,1270,17,98955,7311,Jul,2021,37.65,-121.89,104888.0,49883.0,152060.0,37.8,1661584.0,631037.0,171922.0,11037.0,519249.0,130496.0,369546.0,114029.0
Alpine,0,0,89,0,Jul,2021,38.6,-119.82,85750.0,37690.0,139.0,47.6,1159.0,663.0,10.0,360.0,6.0,111.0,183.0,4.0
Amador,48,2,3956,166,Jul,2021,38.45,-120.66,65187.0,33897.0,2872.0,49.9,39023.0,33040.0,931.0,276.0,375.0,2834.0,5591.0,35.0
Butte,205,4,15484,901,Jul,2021,39.67,-121.6,54972.0,30700.0,39676.0,36.9,223344.0,178568.0,3866.0,2628.0,10743.0,15608.0,37585.0,1010.0
Calaveras,57,2,2356,143,Jul,2021,38.21,-120.55,67054.0,33027.0,5177.0,52.8,45828.0,40058.0,450.0,518.0,864.0,2912.0,5710.0,142.0
Colusa,16,1,2369,78,Jul,2021,39.18,-122.23,59427.0,27614.0,2540.0,35.4,21491.0,17012.0,330.0,239.0,201.0,2308.0,12840.0,13.0
Contra Costa,836,18,78880,6624,Jul,2021,37.92,-121.93,103997.0,50118.0,93021.0,39.9,1147788.0,608789.0,98569.0,5191.0,200159.0,104757.0,295791.0,56093.0
Del Norte,8,0,1656,204,Jul,2021,41.74,-123.9,49981.0,24361.0,4223.0,40.0,27692.0,20002.0,747.0,1943.0,880.0,2160.0,5552.0,31.0
El Dorado,116,3,12102,879,Jul,2021,38.78,-120.52,83710.0,44651.0,16018.0,46.3,190345.0,164552.0,1586.0,1312.0,9111.0,8659.0,24773.0,926.0
Fresno,1744,17,114459,3250,Jul,2021,36.76,-119.65,57109.0,25757.0,202296.0,32.4,990204.0,597574.0,46182.0,11604.0,105302.0,84357.0,528293.0,3740.0
Glenn,20,0,3069,61,Jul,2021,39.6,-122.39,51682.0,23715.0,4201.0,35.9,28060.0,22478.0,218.0,631.0,877.0,886.0,11828.0,24.0
Humboldt,52,3,5200,619,Jul,2021,40.7,-123.88,49235.0,29584.0,26210.0,38.9,136101.0,107151.0,1558.0,6162.0,3948.0,10757.0,16228.0,996.0
Imperial,743,4,32012,656,Jul,2021,33.04,-115.37,46222.0,18064.0,38408.0,32.5,180580.0,102305.0,4716.0,2111.0,2599.0,19433.0,152880.0,435.0
Inyo,38,3,1467,43,Jul,2021,36.51,-117.41,59296.0,33404.0,1745.0,45.3,17930.0,13705.0,96.0,1924.0,279.0,1398.0,4115.0,60.0
Kern,1425,18,113216,2156,Jul,2021,35.34,-118.73,54851.0,23855.0,175902.0,31.9,892458.0,603368.0,48530.0,8462.0,43381.0,75215.0,480700.0,2266.0
Kings,249,4,24883,737,Jul,2021,36.07,-119.82,61556.0,22919.0,21908.0,32.0,151090.0,95764.0,9820.0,2232.0,5626.0,13228.0,82954.0,149.0
Lake,66,4,4372,736,Jul,2021,39.1,-122.75,49254.0,29714.0,11057.0,45.3,64276.0,48712.0,1583.0,2540.0,940.0,3234.0,13667.0,160.0
Lassen,19,0,5495,80,Jul,2021,40.67,-120.59,56971.0,20928.0,2769.0,36.8,30600.0,24181.0,2713.0,794.0,471.0,1345.0,5893.0,26.0
Los Angeles,24691,192,1303343,52603,Jul,2021,34.31,-118.23,71358.0,35685.0,1401656.0,36.7,10040682.0,4795186.0,810286.0,78132.0,1488626.0,729532.0,4851344.0,257977.0
Madera,245,5,18173,536,Jul,2021,37.22,-119.77,61924.0,23212.0,28062.0,34.1,155925.0,94643.0,4919.0,2503.0,3362.0,11853.0,90958.0,224.0
Marin,239,6,15135,731,Jul,2021,38.07,-122.72,121671.0,74446.0,17522.0,47.1,259441.0,199068.0,6001.0,673.0,15060.0,17433.0,41737.0,10060.0
Mariposa,7,0,500,33,Jul,2021,37.58,-119.91,50960.0,29882.0,2668.0,51.8,17319.0,15134.0,266.0,392.0,186.0,765.0,2041.0,99.0
Mendocino,49,0,4575,368,Jul,2021,39.44,-123.39,52915.0,30351.0,13929.0,43.4,87110.0,69709.0,424.0,3789.0,1740.0,6565.0,22354.0,67.0
Merced,474,5,33252,913,Jul,2021,37.19,-120.72,56330.0,23677.0,50124.0,31.2,273661.0,139469.0,8190.0,2885.0,20881.0,16931.0,164836.0,948.0
Modoc,5,1,560,3,Jul,2021,41.59,-120.72,51250.0,25578.0,1537.0,47.6,8853.0,7801.0,123.0,313.0,169.0,201.0,1317.0,0.0
Mono,3,0,1312,19,Jul,2021,37.94,-118.89,64924.0,37103.0,1720.0,39.5,14395.0,11966.0,81.0,407.0,633.0,641.0,3893.0,1286.0
Monterey,525,33,45801,742,Jul,2021,36.22,-121.24,76943.0,32122.0,50052.0,34.7,432977.0,209849.0,11162.0,3072.0,25186.0,29647.0,255512.0,2438.0
Napa,82,1,10525,444,Jul,2021,38.51,-122.33,92219.0,46912.0,10163.0,41.8,138572.0,98614.0,2862.0,961.0,10485.0,9742.0,47300.0,940.0
Nevada,73,1,5767,608,Jul,2021,39.3,-120.76,68333.0,41079.0,9345.0,50.5,99417.0,91597.0,410.0,496.0,1108.0,4484.0,9480.0,81.0
Orange,5144,19,282426,8790,Jul,2021,33.7,-117.76,94441.0,43049.0,317682.0,38.3,3170345.0,1826960.0,54061.0,15552.0,667534.0,217089.0,1071393.0,27645.0
Placer,306,7,27402,2083,Jul,2021,39.06,-120.72,93677.0,46023.0,27745.0,42.2,391799.0,314938.0,6310.0,2204.0,31938.0,24914.0,55932.0,1830.0
Plumas,5,1,775,56,Jul,2021,40,-120.84,57233.0,34334.0,2310.0,51.9,18844.0,16679.0,279.0,350.0,232.0,941.0,1749.0,60.0
Riverside,4562,26,316824,9531,Jul,2021,33.74,-115.99,70732.0,29913.0,300424.0,35.8,2437864.0,1358654.0,157908.0,18852.0,164464.0,190963.0,1204521.0,10987.0
Sacramento,1727,51,119162,9062,Jul,2021,38.45,-121.34,70684.0,34078.0,210174.0,36.4,1537948.0,839349.0,148884.0,9505.0,256464.0,140768.0,360204.0,15579.0
San Benito,63,0,6383,164,Jul,2021,36.6,-121.07,85808.0,33841.0,5709.0,35.7,61547.0,45157.0,523.0,527.0,1745.0,7315.0,37015.0,171.0
San Bernardino,5248,245,311939,8621,Jul,2021,34.84,-116.18,65761.0,26402.0,315656.0,33.6,2162532.0,1212480.0,176523.0,18369.0,159917.0,202057.0,1163038.0,11534.0
San Diego,3798,18,315319,17152,Jul,2021,33.03,-116.74,82426.0,39737.0,353841.0,36.1,3323970.0,2213608.0,164042.0,24373.0,398526.0,286106.0,1126266.0,42978.0
San Francisco,562,4,43035,4626,Jul,2021,37.75,-122.44,119136.0,72041.0,87125.0,38.3,874784.0,392476.0,44930.0,3800.0,300339.0,62702.0,132865.0,161085.0
San Joaquin,1461,52,81243,3810,Jul,2021,37.93,-121.27,68628.0,28928.0,100689.0,34.4,751615.0,387165.0,53116.0,4695.0,119446.0,106196.0,313385.0,5006.0
San Luis Obispo,261,5,22897,813,Jul,2021,35.39,-120.4,77948.0,38686.0,29547.0,39.5,282517.0,233297.0,4865.0,2383.0,10559.0,18720.0,64275.0,1274.0
San Mateo,548,7,45653,2475,Jul,2021,37.42,-122.33,128091.0,64450.0,46923.0,39.8,765623.0,369924.0,18104.0,3917.0,225027.0,57690.0,184490.0,41094.0
Santa Barbara,469,13,37017,1363,Jul,2021,34.65,-120.02,78925.0,38141.0,54621.0,33.8,444895.0,319547.0,8474.0,4941.0,24678.0,43286.0,203207.0,6141.0
Santa Clara,2183,93,124357,4624,Jul,2021,37.23,-121.7,130890.0,59297.0,135771.0,37.2,1924379.0,801381.0,47379.0,9990.0,724855.0,143857.0,482101.0,39110.0
Santa Cruz,207,-1,17529,474,Jul,2021,37.06,-122.01,89986.0,44278.0,31120.0,38.2,273170.0,195781.0,3472.0,1708.0,13563.0,19184.0,91876.0,2971.0
Shasta,212,8,14807,583,Jul,2021,40.76,-122.04,57139.0,31049.0,26504.0,41.7,179267.0,152586.0,1912.0,4420.0,5772.0,10371.0,18566.0,410.0
Sierra,0,0,83,11,Jul,2021,39.58,-120.52,52103.0,32533.0,271.0,54.0,2898.0,2722.0,3.0,69.0,0.0,16.0,293.0,4.0
Siskiyou,31,2,2426,156,Jul,2021,41.59,-122.54,47403.0,29381.0,7294.0,47.7,43516.0,36195.0,668.0,1686.0,547.0,3434.0,5605.0,36.0
Solano,260,-8,36536,2497,Jul,2021,38.27,-121.94,84638.0,36685.0,39388.0,38.3,444538.0,225258.0,60991.0,2531.0,69169.0,41339.0,119294.0,5671.0
Sonoma,330,14,33466,2103,Jul,2021,38.53,-122.89,86173.0,44071.0,43086.0,42.4,496801.0,360200.0,8266.0,4441.0,21239.0,34952.0,134024.0,3926.0
Stanislaus,1016,15,65494,2413,Jul,2021,37.56,-121,62873.0,27225.0,73072.0,34.3,546235.0,384703.0,16961.0,4738.0,32003.0,47592.0,256424.0,1692.0
Sutter,127,13,10302,571,Jul,2021,39.03,-121.69,63502.0,29495.0,12460.0,35.8,96315.0,61307.0,1894.0,1061.0,15997.0,9518.0,30101.0,404.0
Tehama,66,3,5865,159,Jul,2021,40.13,-122.24,48895.0,29012.0,11922.0,40.6,64176.0,53987.0,420.0,865.0,1090.0,4452.0,16435.0,89.0
Trinity,3,0,472,35,Jul,2021,40.65,-123.11,41780.0,26228.0,2860.0,52.4,12541.0,10694.0,65.0,722.0,244.0,332.0,933.0,61.0
Tulare,854,1,60216,1396,Jul,2021,36.22,-118.8,52534.0,22092.0,99610.0,31.2,463955.0,309798.0,7606.0,5955.0,17310.0,37160.0,301919.0,1120.0
Tuolumne,64,0,4538,381,Jul,2021,38.03,-119.95,60509.0,35694.0,5564.0,48.7,54147.0,46905.0,1007.0,948.0,753.0,2789.0,6810.0,91.0
Ventura,1044,11,87531,3077,Jul,2021,34.44,-119.09,89295.0,39403.0,74449.0,38.5,845599.0,637686.0,15422.0,6990.0,61239.0,71894.0,361648.0,3998.0
Yolo,215,2,15474,1010,Jul,2021,38.68,-121.9,73746.0,36036.0,39197.0,31.1,218774.0,145299.0,5694.0,1420.0,31584.0,21326.0,69341.0,4097.0
Yuba,50,-1,6872,546,Jul,2021,39.26,-121.35,59424.0,25774.0,11420.0,33.0,77524.0,56990.0,2632.0,1030.0,5631.0,7561.0,22318.0,175.0
Alameda,1299,29,111546,12591,Aug,2021,37.65,-121.89,104888.0,49883.0,152060.0,37.8,1661584.0,631037.0,171922.0,11037.0,519249.0,130496.0,369546.0,114029.0
Alpine,0,0,92,3,Aug,2021,38.6,-119.82,85750.0,37690.0,139.0,47.6,1159.0,663.0,10.0,360.0,6.0,111.0,183.0,4.0
Amador,53,5,4641,685,Aug,2021,38.45,-120.66,65187.0,33897.0,2872.0,49.9,39023.0,33040.0,931.0,276.0,375.0,2834.0,5591.0,35.0
Butte,215,10,18927,3443,Aug,2021,39.67,-121.6,54972.0,30700.0,39676.0,36.9,223344.0,178568.0,3866.0,2628.0,10743.0,15608.0,37585.0,1010.0
Calaveras,59,2,3042,686,Aug,2021,38.21,-120.55,67054.0,33027.0,5177.0,52.8,45828.0,40058.0,450.0,518.0,864.0,2912.0,5710.0,142.0
Colusa,16,0,2782,413,Aug,2021,39.18,-122.23,59427.0,27614.0,2540.0,35.4,21491.0,17012.0,330.0,239.0,201.0,2308.0,12840.0,13.0
Contra Costa,877,41,91619,12739,Aug,2021,37.92,-121.93,103997.0,50118.0,93021.0,39.9,1147788.0,608789.0,98569.0,5191.0,200159.0,104757.0,295791.0,56093.0
Del Norte,24,16,2878,1222,Aug,2021,41.74,-123.9,49981.0,24361.0,4223.0,40.0,27692.0,20002.0,747.0,1943.0,880.0,2160.0,5552.0,31.0
El Dorado,119,3,14874,2772,Aug,2021,38.78,-120.52,83710.0,44651.0,16018.0,46.3,190345.0,164552.0,1586.0,1312.0,9111.0,8659.0,24773.0,926.0
Fresno,1800,56,128050,13591,Aug,2021,36.76,-119.65,57109.0,25757.0,202296.0,32.4,990204.0,597574.0,46182.0,11604.0,105302.0,84357.0,528293.0,3740.0
Glenn,20,0,3670,601,Aug,2021,39.6,-122.39,51682.0,23715.0,4201.0,35.9,28060.0,22478.0,218.0,631.0,877.0,886.0,11828.0,24.0
Humboldt,52,0,7363,2163,Aug,2021,40.7,-123.88,49235.0,29584.0,26210.0,38.9,136101.0,107151.0,1558.0,6162.0,3948.0,10757.0,16228.0,996.0
Imperial,750,7,33251,1239,Aug,2021,33.04,-115.37,46222.0,18064.0,38408.0,32.5,180580.0,102305.0,4716.0,2111.0,2599.0,19433.0,152880.0,435.0
Inyo,39,1,1576,109,Aug,2021,36.51,-117.41,59296.0,33404.0,1745.0,45.3,17930.0,13705.0,96.0,1924.0,279.0,1398.0,4115.0,60.0
Kern,1473,48,125636,12420,Aug,2021,35.34,-118.73,54851.0,23855.0,175902.0,31.9,892458.0,603368.0,48530.0,8462.0,43381.0,75215.0,480700.0,2266.0
Kings,263,14,27895,3012,Aug,2021,36.07,-119.82,61556.0,22919.0,21908.0,32.0,151090.0,95764.0,9820.0,2232.0,5626.0,13228.0,82954.0,149.0
Lake,77,11,5477,1105,Aug,2021,39.1,-122.75,49254.0,29714.0,11057.0,45.3,64276.0,48712.0,1583.0,2540.0,940.0,3234.0,13667.0,160.0
Lassen,22,3,6049,554,Aug,2021,40.67,-120.59,56971.0,20928.0,2769.0,36.8,30600.0,24181.0,2713.0,794.0,471.0,1345.0,5893.0,26.0
Los Angeles,25326,635,1409684,106341,Aug,2021,34.31,-118.23,71358.0,35685.0,1401656.0,36.7,10040682.0,4795186.0,810286.0,78132.0,1488626.0,729532.0,4851344.0,257977.0
Madera,247,2,20289,2116,Aug,2021,37.22,-119.77,61924.0,23212.0,28062.0,34.1,155925.0,94643.0,4919.0,2503.0,3362.0,11853.0,90958.0,224.0
Marin,240,1,16580,1445,Aug,2021,38.07,-122.72,121671.0,74446.0,17522.0,47.1,259441.0,199068.0,6001.0,673.0,15060.0,17433.0,41737.0,10060.0
Mariposa,10,3,825,325,Aug,2021,37.58,-119.91,50960.0,29882.0,2668.0,51.8,17319.0,15134.0,266.0,392.0,186.0,765.0,2041.0,99.0
Mendocino,59,10,6048,1473,Aug,2021,39.44,-123.39,52915.0,30351.0,13929.0,43.4,87110.0,69709.0,424.0,3789.0,1740.0,6565.0,22354.0,67.0
Merced,500,26,37049,3797,Aug,2021,37.19,-120.72,56330.0,23677.0,50124.0,31.2,273661.0,139469.0,8190.0,2885.0,20881.0,16931.0,164836.0,948.0
Modoc,5,0,592,32,Aug,2021,41.59,-120.72,51250.0,25578.0,1537.0,47.6,8853.0,7801.0,123.0,313.0,169.0,201.0,1317.0,0.0
Mono,3,0,1418,106,Aug,2021,37.94,-118.89,64924.0,37103.0,1720.0,39.5,14395.0,11966.0,81.0,407.0,633.0,641.0,3893.0,1286.0
Monterey,539,14,47959,2158,Aug,2021,36.22,-121.24,76943.0,32122.0,50052.0,34.7,432977.0,209849.0,11162.0,3072.0,25186.0,29647.0,255512.0,2438.0
Napa,88,6,11725,1200,Aug,2021,38.51,-122.33,92219.0,46912.0,10163.0,41.8,138572.0,98614.0,2862.0,961.0,10485.0,9742.0,47300.0,940.0
Nevada,82,9,7763,1996,Aug,2021,39.3,-120.76,68333.0,41079.0,9345.0,50.5,99417.0,91597.0,410.0,496.0,1108.0,4484.0,9480.0,81.0
Orange,5229,85,306099,23673,Aug,2021,33.7,-117.76,94441.0,43049.0,317682.0,38.3,3170345.0,1826960.0,54061.0,15552.0,667534.0,217089.0,1071393.0,27645.0
Placer,330,24,33730,6328,Aug,2021,39.06,-120.72,93677.0,46023.0,27745.0,42.2,391799.0,314938.0,6310.0,2204.0,31938.0,24914.0,55932.0,1830.0
Plumas,5,0,1051,276,Aug,2021,40,-120.84,57233.0,34334.0,2310.0,51.9,18844.0,16679.0,279.0,350.0,232.0,941.0,1749.0,60.0
Riverside,4634,72,344731,27907,Aug,2021,33.74,-115.99,70732.0,29913.0,300424.0,35.8,2437864.0,1358654.0,157908.0,18852.0,164464.0,190963.0,1204521.0,10987.0
Sacramento,1875,148,141639,22477,Aug,2021,38.45,-121.34,70684.0,34078.0,210174.0,36.4,1537948.0,839349.0,148884.0,9505.0,256464.0,140768.0,360204.0,15579.0
San Benito,64,1,6846,463,Aug,2021,36.6,-121.07,85808.0,33841.0,5709.0,35.7,61547.0,45157.0,523.0,527.0,1745.0,7315.0,37015.0,171.0
San Bernardino,5364,116,336385,24446,Aug,2021,34.84,-116.18,65761.0,26402.0,315656.0,33.6,2162532.0,1212480.0,176523.0,18369.0,159917.0,202057.0,1163038.0,11534.0
San Diego,3908,110,355020,39701,Aug,2021,33.03,-116.74,82426.0,39737.0,353841.0,36.1,3323970.0,2213608.0,164042.0,24373.0,398526.0,286106.0,1126266.0,42978.0
San Francisco,584,22,49542,6507,Aug,2021,37.75,-122.44,119136.0,72041.0,87125.0,38.3,874784.0,392476.0,44930.0,3800.0,300339.0,62702.0,132865.0,161085.0
San Joaquin,1540,79,92250,11007,Aug,2021,37.93,-121.27,68628.0,28928.0,100689.0,34.4,751615.0,387165.0,53116.0,4695.0,119446.0,106196.0,313385.0,5006.0
San Luis Obispo,283,22,26690,3793,Aug,2021,35.39,-120.4,77948.0,38686.0,29547.0,39.5,282517.0,233297.0,4865.0,2383.0,10559.0,18720.0,64275.0,1274.0
San Mateo,558,10,50120,4467,Aug,2021,37.42,-122.33,128091.0,64450.0,46923.0,39.8,765623.0,369924.0,18104.0,3917.0,225027.0,57690.0,184490.0,41094.0
Santa Barbara,483,14,40618,3601,Aug,2021,34.65,-120.02,78925.0,38141.0,54621.0,33.8,444895.0,319547.0,8474.0,4941.0,24678.0,43286.0,203207.0,6141.0
Santa Clara,1796,-387,135866,11509,Aug,2021,37.23,-121.7,130890.0,59297.0,135771.0,37.2,1924379.0,801381.0,47379.0,9990.0,724855.0,143857.0,482101.0,39110.0
Santa Cruz,210,3,19388,1859,Aug,2021,37.06,-122.01,89986.0,44278.0,31120.0,38.2,273170.0,195781.0,3472.0,1708.0,13563.0,19184.0,91876.0,2971.0
Shasta,221,9,17937,3130,Aug,2021,40.76,-122.04,57139.0,31049.0,26504.0,41.7,179267.0,152586.0,1912.0,4420.0,5772.0,10371.0,18566.0,410.0
Sierra,0,0,111,28,Aug,2021,39.58,-120.52,52103.0,32533.0,271.0,54.0,2898.0,2722.0,3.0,69.0,0.0,16.0,293.0,4.0
Siskiyou,34,3,3264,838,Aug,2021,41.59,-122.54,47403.0,29381.0,7294.0,47.7,43516.0,36195.0,668.0,1686.0,547.0,3434.0,5605.0,36.0
Solano,293,33,42217,5681,Aug,2021,38.27,-121.94,84638.0,36685.0,39388.0,38.3,444538.0,225258.0,60991.0,2531.0,69169.0,41339.0,119294.0,5671.0
Sonoma,352,22,37908,4442,Aug,2021,38.53,-122.89,86173.0,44071.0,43086.0,42.4,496801.0,360200.0,8266.0,4441.0,21239.0,34952.0,134024.0,3926.0
Stanislaus,1095,79,74954,9460,Aug,2021,37.56,-121,62873.0,27225.0,73072.0,34.3,546235.0,384703.0,16961.0,4738.0,32003.0,47592.0,256424.0,1692.0
Sutter,136,9,12114,1812,Aug,2021,39.03,-121.69,63502.0,29495.0,12460.0,35.8,96315.0,61307.0,1894.0,1061.0,15997.0,9518.0,30101.0,404.0
Tehama,72,6,7181,1316,Aug,2021,40.13,-122.24,48895.0,29012.0,11922.0,40.6,64176.0,53987.0,420.0,865.0,1090.0,4452.0,16435.0,89.0
Trinity,5,2,644,172,Aug,2021,40.65,-123.11,41780.0,26228.0,2860.0,52.4,12541.0,10694.0,65.0,722.0,244.0,332.0,933.0,61.0
Tulare,870,16,67219,7003,Aug,2021,36.22,-118.8,52534.0,22092.0,99610.0,31.2,463955.0,309798.0,7606.0,5955.0,17310.0,37160.0,301919.0,1120.0
Tuolumne,88,24,5616,1078,Aug,2021,38.03,-119.95,60509.0,35694.0,5564.0,48.7,54147.0,46905.0,1007.0,948.0,753.0,2789.0,6810.0,91.0
Ventura,1089,45,94401,6870,Aug,2021,34.44,-119.09,89295.0,39403.0,74449.0,38.5,845599.0,637686.0,15422.0,6990.0,61239.0,71894.0,361648.0,3998.0
Yolo,235,20,18018,2544,Aug,2021,38.68,-121.9,73746.0,36036.0,39197.0,31.1,218774.0,145299.0,5694.0,1420.0,31584.0,21326.0,69341.0,4097.0
Yuba,55,5,8486,1614,Aug,2021,39.26,-121.35,59424.0,25774.0,11420.0,33.0,77524.0,56990.0,2632.0,1030.0,5631.0,7561.0,22318.0,175.0
Alameda,1343,44,117779,6233,Sep,2021,37.65,-121.89,104888.0,49883.0,152060.0,37.8,1661584.0,631037.0,171922.0,11037.0,519249.0,130496.0,369546.0,114029.0
Alpine,0,0,102,10,Sep,2021,38.6,-119.82,85750.0,37690.0,139.0,47.6,1159.0,663.0,10.0,360.0,6.0,111.0,183.0,4.0
Amador,61,8,5156,515,Sep,2021,38.45,-120.66,65187.0,33897.0,2872.0,49.9,39023.0,33040.0,931.0,276.0,375.0,2834.0,5591.0,35.0
Butte,243,28,22456,3529,Sep,2021,39.67,-121.6,54972.0,30700.0,39676.0,36.9,223344.0,178568.0,3866.0,2628.0,10743.0,15608.0,37585.0,1010.0
Calaveras,72,13,3628,586,Sep,2021,38.21,-120.55,67054.0,33027.0,5177.0,52.8,45828.0,40058.0,450.0,518.0,864.0,2912.0,5710.0,142.0
Colusa,18,2,2959,177,Sep,2021,39.18,-122.23,59427.0,27614.0,2540.0,35.4,21491.0,17012.0,330.0,239.0,201.0,2308.0,12840.0,13.0
Contra Costa,933,56,97360,5741,Sep,2021,37.92,-121.93,103997.0,50118.0,93021.0,39.9,1147788.0,608789.0,98569.0,5191.0,200159.0,104757.0,295791.0,56093.0
Del Norte,39,15,3505,627,Sep,2021,41.74,-123.9,49981.0,24361.0,4223.0,40.0,27692.0,20002.0,747.0,1943.0,880.0,2160.0,5552.0,31.0
El Dorado,136,17,16466,1592,Sep,2021,38.78,-120.52,83710.0,44651.0,16018.0,46.3,190345.0,164552.0,1586.0,1312.0,9111.0,8659.0,24773.0,926.0
Fresno,1964,164,140184,12134,Sep,2021,36.76,-119.65,57109.0,25757.0,202296.0,32.4,990204.0,597574.0,46182.0,11604.0,105302.0,84357.0,528293.0,3740.0
Glenn,26,6,4178,508,Sep,2021,39.6,-122.39,51682.0,23715.0,4201.0,35.9,28060.0,22478.0,218.0,631.0,877.0,886.0,11828.0,24.0
Humboldt,94,42,8676,1313,Sep,2021,40.7,-123.88,49235.0,29584.0,26210.0,38.9,136101.0,107151.0,1558.0,6162.0,3948.0,10757.0,16228.0,996.0
Imperial,757,7,34647,1396,Sep,2021,33.04,-115.37,46222.0,18064.0,38408.0,32.5,180580.0,102305.0,4716.0,2111.0,2599.0,19433.0,152880.0,435.0
Inyo,39,0,1780,204,Sep,2021,36.51,-117.41,59296.0,33404.0,1745.0,45.3,17930.0,13705.0,96.0,1924.0,279.0,1398.0,4115.0,60.0
Kern,1547,74,139554,13918,Sep,2021,35.34,-118.73,54851.0,23855.0,175902.0,31.9,892458.0,603368.0,48530.0,8462.0,43381.0,75215.0,480700.0,2266.0
Kings,301,38,31051,3156,Sep,2021,36.07,-119.82,61556.0,22919.0,21908.0,32.0,151090.0,95764.0,9820.0,2232.0,5626.0,13228.0,82954.0,149.0
Lake,97,20,6314,837,Sep,2021,39.1,-122.75,49254.0,29714.0,11057.0,45.3,64276.0,48712.0,1583.0,2540.0,940.0,3234.0,13667.0,160.0
Lassen,35,13,6784,735,Sep,2021,40.67,-120.59,56971.0,20928.0,2769.0,36.8,30600.0,24181.0,2713.0,794.0,471.0,1345.0,5893.0,26.0
Los Angeles,26126,800,1460645,50961,Sep,2021,34.31,-118.23,71358.0,35685.0,1401656.0,36.7,10040682.0,4795186.0,810286.0,78132.0,1488626.0,729532.0,4851344.0,257977.0
Madera,266,19,22695,2406,Sep,2021,37.22,-119.77,61924.0,23212.0,28062.0,34.1,155925.0,94643.0,4919.0,2503.0,3362.0,11853.0,90958.0,224.0
Marin,242,2,17342,762,Sep,2021,38.07,-122.72,121671.0,74446.0,17522.0,47.1,259441.0,199068.0,6001.0,673.0,15060.0,17433.0,41737.0,10060.0
Mariposa,13,3,1110,285,Sep,2021,37.58,-119.91,50960.0,29882.0,2668.0,51.8,17319.0,15134.0,266.0,392.0,186.0,765.0,2041.0,99.0
Mendocino,78,19,7266,1218,Sep,2021,39.44,-123.39,52915.0,30351.0,13929.0,43.4,87110.0,69709.0,424.0,3789.0,1740.0,6565.0,22354.0,67.0
Merced,552,52,40751,3702,Sep,2021,37.19,-120.72,56330.0,23677.0,50124.0,31.2,273661.0,139469.0,8190.0,2885.0,20881.0,16931.0,164836.0,948.0
Modoc,5,0,637,45,Sep,2021,41.59,-120.72,51250.0,25578.0,1537.0,47.6,8853.0,7801.0,123.0,313.0,169.0,201.0,1317.0,0.0
Mono,3,0,1560,142,Sep,2021,37.94,-118.89,64924.0,37103.0,1720.0,39.5,14395.0,11966.0,81.0,407.0,633.0,641.0,3893.0,1286.0
Monterey,571,32,49604,1645,Sep,2021,36.22,-121.24,76943.0,32122.0,50052.0,34.7,432977.0,209849.0,11162.0,3072.0,25186.0,29647.0,255512.0,2438.0
Napa,96,8,12525,800,Sep,2021,38.51,-122.33,92219.0,46912.0,10163.0,41.8,138572.0,98614.0,2862.0,961.0,10485.0,9742.0,47300.0,940.0
Nevada,87,5,8772,1009,Sep,2021,39.3,-120.76,68333.0,41079.0,9345.0,50.5,99417.0,91597.0,410.0,496.0,1108.0,4484.0,9480.0,81.0
Orange,5436,207,319458,13359,Sep,2021,33.7,-117.76,94441.0,43049.0,317682.0,38.3,3170345.0,1826960.0,54061.0,15552.0,667534.0,217089.0,1071393.0,27645.0
Placer,381,51,37689,3959,Sep,2021,39.06,-120.72,93677.0,46023.0,27745.0,42.2,391799.0,314938.0,6310.0,2204.0,31938.0,24914.0,55932.0,1830.0
Plumas,6,1,1323,272,Sep,2021,40,-120.84,57233.0,34334.0,2310.0,51.9,18844.0,16679.0,279.0,350.0,232.0,941.0,1749.0,60.0
Riverside,4895,261,363084,18353,Sep,2021,33.74,-115.99,70732.0,29913.0,300424.0,35.8,2437864.0,1358654.0,157908.0,18852.0,164464.0,190963.0,1204521.0,10987.0
Sacramento,2099,224,153865,12226,Sep,2021,38.45,-121.34,70684.0,34078.0,210174.0,36.4,1537948.0,839349.0,148884.0,9505.0,256464.0,140768.0,360204.0,15579.0
San Benito,69,5,7199,353,Sep,2021,36.6,-121.07,85808.0,33841.0,5709.0,35.7,61547.0,45157.0,523.0,527.0,1745.0,7315.0,37015.0,171.0
San Bernardino,5540,176,351880,15495,Sep,2021,34.84,-116.18,65761.0,26402.0,315656.0,33.6,2162532.0,1212480.0,176523.0,18369.0,159917.0,202057.0,1163038.0,11534.0
San Diego,4081,173,377303,22283,Sep,2021,33.03,-116.74,82426.0,39737.0,353841.0,36.1,3323970.0,2213608.0,164042.0,24373.0,398526.0,286106.0,1126266.0,42978.0
San Francisco,634,50,52548,3006,Sep,2021,37.75,-122.44,119136.0,72041.0,87125.0,38.3,874784.0,392476.0,44930.0,3800.0,300339.0,62702.0,132865.0,161085.0
San Joaquin,1646,106,99663,7413,Sep,2021,37.93,-121.27,68628.0,28928.0,100689.0,34.4,751615.0,387165.0,53116.0,4695.0,119446.0,106196.0,313385.0,5006.0
San Luis Obispo,323,40,29055,2365,Sep,2021,35.39,-120.4,77948.0,38686.0,29547.0,39.5,282517.0,233297.0,4865.0,2383.0,10559.0,18720.0,64275.0,1274.0
San Mateo,573,15,52554,2434,Sep,2021,37.42,-122.33,128091.0,64450.0,46923.0,39.8,765623.0,369924.0,18104.0,3917.0,225027.0,57690.0,184490.0,41094.0
Santa Barbara,508,25,43896,3278,Sep,2021,34.65,-120.02,78925.0,38141.0,54621.0,33.8,444895.0,319547.0,8474.0,4941.0,24678.0,43286.0,203207.0,6141.0
Santa Clara,1862,66,142366,6500,Sep,2021,37.23,-121.7,130890.0,59297.0,135771.0,37.2,1924379.0,801381.0,47379.0,9990.0,724855.0,143857.0,482101.0,39110.0
Santa Cruz,214,4,20428,1040,Sep,2021,37.06,-122.01,89986.0,44278.0,31120.0,38.2,273170.0,195781.0,3472.0,1708.0,13563.0,19184.0,91876.0,2971.0
Shasta,270,49,22116,4179,Sep,2021,40.76,-122.04,57139.0,31049.0,26504.0,41.7,179267.0,152586.0,1912.0,4420.0,5772.0,10371.0,18566.0,410.0
Sierra,0,0,145,34,Sep,2021,39.58,-120.52,52103.0,32533.0,271.0,54.0,2898.0,2722.0,3.0,69.0,0.0,16.0,293.0,4.0
Siskiyou,42,8,4194,930,Sep,2021,41.59,-122.54,47403.0,29381.0,7294.0,47.7,43516.0,36195.0,668.0,1686.0,547.0,3434.0,5605.0,36.0
Solano,321,28,44938,2721,Sep,2021,38.27,-121.94,84638.0,36685.0,39388.0,38.3,444538.0,225258.0,60991.0,2531.0,69169.0,41339.0,119294.0,5671.0
Sonoma,382,30,39985,2077,Sep,2021,38.53,-122.89,86173.0,44071.0,43086.0,42.4,496801.0,360200.0,8266.0,4441.0,21239.0,34952.0,134024.0,3926.0
Stanislaus,1218,123,82255,7301,Sep,2021,37.56,-121,62873.0,27225.0,73072.0,34.3,546235.0,384703.0,16961.0,4738.0,32003.0,47592.0,256424.0,1692.0
Sutter,160,24,13434,1320,Sep,2021,39.03,-121.69,63502.0,29495.0,12460.0,35.8,96315.0,61307.0,1894.0,1061.0,15997.0,9518.0,30101.0,404.0
Tehama,93,21,8730,1549,Sep,2021,40.13,-122.24,48895.0,29012.0,11922.0,40.6,64176.0,53987.0,420.0,865.0,1090.0,4452.0,16435.0,89.0
Trinity,10,5,821,177,Sep,2021,40.65,-123.11,41780.0,26228.0,2860.0,52.4,12541.0,10694.0,65.0,722.0,244.0,332.0,933.0,61.0
Tulare,908,38,75443,8224,Sep,2021,36.22,-118.8,52534.0,22092.0,99610.0,31.2,463955.0,309798.0,7606.0,5955.0,17310.0,37160.0,301919.0,1120.0
Tuolumne,89,1,6448,832,Sep,2021,38.03,-119.95,60509.0,35694.0,5564.0,48.7,54147.0,46905.0,1007.0,948.0,753.0,2789.0,6810.0,91.0
Ventura,1148,59,98993,4592,Sep,2021,34.44,-119.09,89295.0,39403.0,74449.0,38.5,845599.0,637686.0,15422.0,6990.0,61239.0,71894.0,361648.0,3998.0
Yolo,242,7,19536,1518,Sep,2021,38.68,-121.9,73746.0,36036.0,39197.0,31.1,218774.0,145299.0,5694.0,1420.0,31584.0,21326.0,69341.0,4097.0
Yuba,66,11,9591,1105,Sep,2021,39.26,-121.35,59424.0,25774.0,11420.0,33.0,77524.0,56990.0,2632.0,1030.0,5631.0,7561.0,22318.0,175.0
Alameda,1432,89,121885,4106,Oct,2021,37.65,-121.89,104888.0,49883.0,152060.0,37.8,1661584.0,631037.0,171922.0,11037.0,519249.0,130496.0,369546.0,114029.0
Alpine,0,0,105,3,Oct,2021,38.6,-119.82,85750.0,37690.0,139.0,47.6,1159.0,663.0,10.0,360.0,6.0,111.0,183.0,4.0
Amador,64,3,5591,435,Oct,2021,38.45,-120.66,65187.0,33897.0,2872.0,49.9,39023.0,33040.0,931.0,276.0,375.0,2834.0,5591.0,35.0
Butte,281,38,24562,2106,Oct,2021,39.67,-121.6,54972.0,30700.0,39676.0,36.9,223344.0,178568.0,3866.0,2628.0,10743.0,15608.0,37585.0,1010.0
Calaveras,82,10,4113,485,Oct,2021,38.21,-120.55,67054.0,33027.0,5177.0,52.8,45828.0,40058.0,450.0,518.0,864.0,2912.0,5710.0,142.0
Colusa,18,0,3127,168,Oct,2021,39.18,-122.23,59427.0,27614.0,2540.0,35.4,21491.0,17012.0,330.0,239.0,201.0,2308.0,12840.0,13.0
Contra Costa,1025,92,101162,3802,Oct,2021,37.92,-121.93,103997.0,50118.0,93021.0,39.9,1147788.0,608789.0,98569.0,5191.0,200159.0,104757.0,295791.0,56093.0
Del Norte,42,3,3647,142,Oct,2021,41.74,-123.9,49981.0,24361.0,4223.0,40.0,27692.0,20002.0,747.0,1943.0,880.0,2160.0,5552.0,31.0
El Dorado,154,18,17558,1092,Oct,2021,38.78,-120.52,83710.0,44651.0,16018.0,46.3,190345.0,164552.0,1586.0,1312.0,9111.0,8659.0,24773.0,926.0
Fresno,2147,183,151071,10887,Oct,2021,36.76,-119.65,57109.0,25757.0,202296.0,32.4,990204.0,597574.0,46182.0,11604.0,105302.0,84357.0,528293.0,3740.0
Glenn,33,7,4469,291,Oct,2021,39.6,-122.39,51682.0,23715.0,4201.0,35.9,28060.0,22478.0,218.0,631.0,877.0,886.0,11828.0,24.0
Humboldt,116,22,9483,807,Oct,2021,40.7,-123.88,49235.0,29584.0,26210.0,38.9,136101.0,107151.0,1558.0,6162.0,3948.0,10757.0,16228.0,996.0
Imperial,766,9,36480,1833,Oct,2021,33.04,-115.37,46222.0,18064.0,38408.0,32.5,180580.0,102305.0,4716.0,2111.0,2599.0,19433.0,152880.0,435.0
Inyo,41,2,2345,565,Oct,2021,36.51,-117.41,59296.0,33404.0,1745.0,45.3,17930.0,13705.0,96.0,1924.0,279.0,1398.0,4115.0,60.0
Kern,1673,126,149959,10405,Oct,2021,35.34,-118.73,54851.0,23855.0,175902.0,31.9,892458.0,603368.0,48530.0,8462.0,43381.0,75215.0,480700.0,2266.0
Kings,338,37,33779,2728,Oct,2021,36.07,-119.82,61556.0,22919.0,21908.0,32.0,151090.0,95764.0,9820.0,2232.0,5626.0,13228.0,82954.0,149.0
Lake,106,9,6823,509,Oct,2021,39.1,-122.75,49254.0,29714.0,11057.0,45.3,64276.0,48712.0,1583.0,2540.0,940.0,3234.0,13667.0,160.0
Lassen,45,10,7247,463,Oct,2021,40.67,-120.59,56971.0,20928.0,2769.0,36.8,30600.0,24181.0,2713.0,794.0,471.0,1345.0,5893.0,26.0
Los Angeles,26644,518,1494119,33474,Oct,2021,34.31,-118.23,71358.0,35685.0,1401656.0,36.7,10040682.0,4795186.0,810286.0,78132.0,1488626.0,729532.0,4851344.0,257977.0
Madera,287,21,24892,2197,Oct,2021,37.22,-119.77,61924.0,23212.0,28062.0,34.1,155925.0,94643.0,4919.0,2503.0,3362.0,11853.0,90958.0,224.0
Marin,247,5,17906,564,Oct,2021,38.07,-122.72,121671.0,74446.0,17522.0,47.1,259441.0,199068.0,6001.0,673.0,15060.0,17433.0,41737.0,10060.0
Mariposa,17,4,1432,322,Oct,2021,37.58,-119.91,50960.0,29882.0,2668.0,51.8,17319.0,15134.0,266.0,392.0,186.0,765.0,2041.0,99.0
Mendocino,89,11,7965,699,Oct,2021,39.44,-123.39,52915.0,30351.0,13929.0,43.4,87110.0,69709.0,424.0,3789.0,1740.0,6565.0,22354.0,67.0
Merced,589,37,43642,2891,Oct,2021,37.19,-120.72,56330.0,23677.0,50124.0,31.2,273661.0,139469.0,8190.0,2885.0,20881.0,16931.0,164836.0,948.0
Modoc,5,0,710,73,Oct,2021,41.59,-120.72,51250.0,25578.0,1537.0,47.6,8853.0,7801.0,123.0,313.0,169.0,201.0,1317.0,0.0
Mono,3,0,1736,176,Oct,2021,37.94,-118.89,64924.0,37103.0,1720.0,39.5,14395.0,11966.0,81.0,407.0,633.0,641.0,3893.0,1286.0
Monterey,596,25,50622,1018,Oct,2021,36.22,-121.24,76943.0,32122.0,50052.0,34.7,432977.0,209849.0,11162.0,3072.0,25186.0,29647.0,255512.0,2438.0
Napa,101,5,13024,499,Oct,2021,38.51,-122.33,92219.0,46912.0,10163.0,41.8,138572.0,98614.0,2862.0,961.0,10485.0,9742.0,47300.0,940.0
Nevada,91,4,9429,657,Oct,2021,39.3,-120.76,68333.0,41079.0,9345.0,50.5,99417.0,91597.0,410.0,496.0,1108.0,4484.0,9480.0,81.0
Orange,5600,164,327152,7694,Oct,2021,33.7,-117.76,94441.0,43049.0,317682.0,38.3,3170345.0,1826960.0,54061.0,15552.0,667534.0,217089.0,1071393.0,27645.0
Placer,435,54,40367,2678,Oct,2021,39.06,-120.72,93677.0,46023.0,27745.0,42.2,391799.0,314938.0,6310.0,2204.0,31938.0,24914.0,55932.0,1830.0
Plumas,7,1,1752,429,Oct,2021,40,-120.84,57233.0,34334.0,2310.0,51.9,18844.0,16679.0,279.0,350.0,232.0,941.0,1749.0,60.0
Riverside,5104,209,375498,12414,Oct,2021,33.74,-115.99,70732.0,29913.0,300424.0,35.8,2437864.0,1358654.0,157908.0,18852.0,164464.0,190963.0,1204521.0,10987.0
Sacramento,2333,234,162447,8582,Oct,2021,38.45,-121.34,70684.0,34078.0,210174.0,36.4,1537948.0,839349.0,148884.0,9505.0,256464.0,140768.0,360204.0,15579.0
San Benito,75,6,7571,372,Oct,2021,36.6,-121.07,85808.0,33841.0,5709.0,35.7,61547.0,45157.0,523.0,527.0,1745.0,7315.0,37015.0,171.0
San Bernardino,5810,270,362731,10851,Oct,2021,34.84,-116.18,65761.0,26402.0,315656.0,33.6,2162532.0,1212480.0,176523.0,18369.0,159917.0,202057.0,1163038.0,11534.0
San Diego,4218,137,393068,15765,Oct,2021,33.03,-116.74,82426.0,39737.0,353841.0,36.1,3323970.0,2213608.0,164042.0,24373.0,398526.0,286106.0,1126266.0,42978.0
San Francisco,661,27,54702,2154,Oct,2021,37.75,-122.44,119136.0,72041.0,87125.0,38.3,874784.0,392476.0,44930.0,3800.0,300339.0,62702.0,132865.0,161085.0
San Joaquin,1772,126,104305,4642,Oct,2021,37.93,-121.27,68628.0,28928.0,100689.0,34.4,751615.0,387165.0,53116.0,4695.0,119446.0,106196.0,313385.0,5006.0
San Luis Obispo,343,20,30433,1378,Oct,2021,35.39,-120.4,77948.0,38686.0,29547.0,39.5,282517.0,233297.0,4865.0,2383.0,10559.0,18720.0,64275.0,1274.0
San Mateo,625,52,54170,1616,Oct,2021,37.42,-122.33,128091.0,64450.0,46923.0,39.8,765623.0,369924.0,18104.0,3917.0,225027.0,57690.0,184490.0,41094.0
Santa Barbara,529,21,45675,1779,Oct,2021,34.65,-120.02,78925.0,38141.0,54621.0,33.8,444895.0,319547.0,8474.0,4941.0,24678.0,43286.0,203207.0,6141.0
Santa Clara,1908,46,147305,4939,Oct,2021,37.23,-121.7,130890.0,59297.0,135771.0,37.2,1924379.0,801381.0,47379.0,9990.0,724855.0,143857.0,482101.0,39110.0
Santa Cruz,221,7,21233,805,Oct,2021,37.06,-122.01,89986.0,44278.0,31120.0,38.2,273170.0,195781.0,3472.0,1708.0,13563.0,19184.0,91876.0,2971.0
Shasta,364,94,24668,2552,Oct,2021,40.76,-122.04,57139.0,31049.0,26504.0,41.7,179267.0,152586.0,1912.0,4420.0,5772.0,10371.0,18566.0,410.0
Sierra,0,0,200,55,Oct,2021,39.58,-120.52,52103.0,32533.0,271.0,54.0,2898.0,2722.0,3.0,69.0,0.0,16.0,293.0,4.0
Siskiyou,46,4,4541,347,Oct,2021,41.59,-122.54,47403.0,29381.0,7294.0,47.7,43516.0,36195.0,668.0,1686.0,547.0,3434.0,5605.0,36.0
Solano,350,29,46587,1649,Oct,2021,38.27,-121.94,84638.0,36685.0,39388.0,38.3,444538.0,225258.0,60991.0,2531.0,69169.0,41339.0,119294.0,5671.0
Sonoma,406,24,41754,1769,Oct,2021,38.53,-122.89,86173.0,44071.0,43086.0,42.4,496801.0,360200.0,8266.0,4441.0,21239.0,34952.0,134024.0,3926.0
Stanislaus,1311,93,87405,5150,Oct,2021,37.56,-121,62873.0,27225.0,73072.0,34.3,546235.0,384703.0,16961.0,4738.0,32003.0,47592.0,256424.0,1692.0
Sutter,179,19,14196,762,Oct,2021,39.03,-121.69,63502.0,29495.0,12460.0,35.8,96315.0,61307.0,1894.0,1061.0,15997.0,9518.0,30101.0,404.0
Tehama,116,23,9879,1149,Oct,2021,40.13,-122.24,48895.0,29012.0,11922.0,40.6,64176.0,53987.0,420.0,865.0,1090.0,4452.0,16435.0,89.0
Trinity,11,1,936,115,Oct,2021,40.65,-123.11,41780.0,26228.0,2860.0,52.4,12541.0,10694.0,65.0,722.0,244.0,332.0,933.0,61.0
Tulare,1002,94,82229,6786,Oct,2021,36.22,-118.8,52534.0,22092.0,99610.0,31.2,463955.0,309798.0,7606.0,5955.0,17310.0,37160.0,301919.0,1120.0
Tuolumne,90,1,7274,826,Oct,2021,38.03,-119.95,60509.0,35694.0,5564.0,48.7,54147.0,46905.0,1007.0,948.0,753.0,2789.0,6810.0,91.0
Ventura,1178,30,101769,2776,Oct,2021,34.44,-119.09,89295.0,39403.0,74449.0,38.5,845599.0,637686.0,15422.0,6990.0,61239.0,71894.0,361648.0,3998.0
Yolo,250,8,20732,1196,Oct,2021,38.68,-121.9,73746.0,36036.0,39197.0,31.1,218774.0,145299.0,5694.0,1420.0,31584.0,21326.0,69341.0,4097.0
Yuba,83,17,10391,800,Oct,2021,39.26,-121.35,59424.0,25774.0,11420.0,33.0,77524.0,56990.0,2632.0,1030.0,5631.0,7561.0,22318.0,175.0
Alameda,1507,75,125167,3282,Nov,2021,37.65,-121.89,104888.0,49883.0,152060.0,37.8,1661584.0,631037.0,171922.0,11037.0,519249.0,130496.0,369546.0,114029.0
Alpine,0,0,108,3,Nov,2021,38.6,-119.82,85750.0,37690.0,139.0,47.6,1159.0,663.0,10.0,360.0,6.0,111.0,183.0,4.0
Amador,66,2,5790,199,Nov,2021,38.45,-120.66,65187.0,33897.0,2872.0,49.9,39023.0,33040.0,931.0,276.0,375.0,2834.0,5591.0,35.0
Butte,318,37,25624,1062,Nov,2021,39.67,-121.6,54972.0,30700.0,39676.0,36.9,223344.0,178568.0,3866.0,2628.0,10743.0,15608.0,37585.0,1010.0
Calaveras,88,6,4432,319,Nov,2021,38.21,-120.55,67054.0,33027.0,5177.0,52.8,45828.0,40058.0,450.0,518.0,864.0,2912.0,5710.0,142.0
Colusa,21,3,3264,137,Nov,2021,39.18,-122.23,59427.0,27614.0,2540.0,35.4,21491.0,17012.0,330.0,239.0,201.0,2308.0,12840.0,13.0
Contra Costa,1046,21,103951,2789,Nov,2021,37.92,-121.93,103997.0,50118.0,93021.0,39.9,1147788.0,608789.0,98569.0,5191.0,200159.0,104757.0,295791.0,56093.0
Del Norte,42,0,3777,130,Nov,2021,41.74,-123.9,49981.0,24361.0,4223.0,40.0,27692.0,20002.0,747.0,1943.0,880.0,2160.0,5552.0,31.0
El Dorado,166,12,18363,805,Nov,2021,38.78,-120.52,83710.0,44651.0,16018.0,46.3,190345.0,164552.0,1586.0,1312.0,9111.0,8659.0,24773.0,926.0
Fresno,2259,112,157651,6580,Nov,2021,36.76,-119.65,57109.0,25757.0,202296.0,32.4,990204.0,597574.0,46182.0,11604.0,105302.0,84357.0,528293.0,3740.0
Glenn,36,3,4597,128,Nov,2021,39.6,-122.39,51682.0,23715.0,4201.0,35.9,28060.0,22478.0,218.0,631.0,877.0,886.0,11828.0,24.0
Humboldt,119,3,10242,759,Nov,2021,40.7,-123.88,49235.0,29584.0,26210.0,38.9,136101.0,107151.0,1558.0,6162.0,3948.0,10757.0,16228.0,996.0
Imperial,773,7,38646,2166,Nov,2021,33.04,-115.37,46222.0,18064.0,38408.0,32.5,180580.0,102305.0,4716.0,2111.0,2599.0,19433.0,152880.0,435.0
Inyo,46,5,2571,226,Nov,2021,36.51,-117.41,59296.0,33404.0,1745.0,45.3,17930.0,13705.0,96.0,1924.0,279.0,1398.0,4115.0,60.0
Kern,1804,131,157875,7916,Nov,2021,35.34,-118.73,54851.0,23855.0,175902.0,31.9,892458.0,603368.0,48530.0,8462.0,43381.0,75215.0,480700.0,2266.0
Kings,362,24,35130,1351,Nov,2021,36.07,-119.82,61556.0,22919.0,21908.0,32.0,151090.0,95764.0,9820.0,2232.0,5626.0,13228.0,82954.0,149.0
Lake,110,4,7053,230,Nov,2021,39.1,-122.75,49254.0,29714.0,11057.0,45.3,64276.0,48712.0,1583.0,2540.0,940.0,3234.0,13667.0,160.0
Lassen,54,9,7484,237,Nov,2021,40.67,-120.59,56971.0,20928.0,2769.0,36.8,30600.0,24181.0,2713.0,794.0,471.0,1345.0,5893.0,26.0
Los Angeles,27184,540,1528586,34467,Nov,2021,34.31,-118.23,71358.0,35685.0,1401656.0,36.7,10040682.0,4795186.0,810286.0,78132.0,1488626.0,729532.0,4851344.0,257977.0
Madera,311,24,26414,1522,Nov,2021,37.22,-119.77,61924.0,23212.0,28062.0,34.1,155925.0,94643.0,4919.0,2503.0,3362.0,11853.0,90958.0,224.0
Marin,249,2,18548,642,Nov,2021,38.07,-122.72,121671.0,74446.0,17522.0,47.1,259441.0,199068.0,6001.0,673.0,15060.0,17433.0,41737.0,10060.0
Mariposa,18,1,1607,175,Nov,2021,37.58,-119.91,50960.0,29882.0,2668.0,51.8,17319.0,15134.0,266.0,392.0,186.0,765.0,2041.0,99.0
Mendocino,99,10,8631,666,Nov,2021,39.44,-123.39,52915.0,30351.0,13929.0,43.4,87110.0,69709.0,424.0,3789.0,1740.0,6565.0,22354.0,67.0
Merced,668,79,45353,1711,Nov,2021,37.19,-120.72,56330.0,23677.0,50124.0,31.2,273661.0,139469.0,8190.0,2885.0,20881.0,16931.0,164836.0,948.0
Modoc,5,0,777,67,Nov,2021,41.59,-120.72,51250.0,25578.0,1537.0,47.6,8853.0,7801.0,123.0,313.0,169.0,201.0,1317.0,0.0
Mono,4,1,1899,163,Nov,2021,37.94,-118.89,64924.0,37103.0,1720.0,39.5,14395.0,11966.0,81.0,407.0,633.0,641.0,3893.0,1286.0
Monterey,626,30,51786,1164,Nov,2021,36.22,-121.24,76943.0,32122.0,50052.0,34.7,432977.0,209849.0,11162.0,3072.0,25186.0,29647.0,255512.0,2438.0
Napa,105,4,13433,409,Nov,2021,38.51,-122.33,92219.0,46912.0,10163.0,41.8,138572.0,98614.0,2862.0,961.0,10485.0,9742.0,47300.0,940.0
Nevada,105,14,10051,622,Nov,2021,39.3,-120.76,68333.0,41079.0,9345.0,50.5,99417.0,91597.0,410.0,496.0,1108.0,4484.0,9480.0,81.0
Orange,5736,136,334626,7474,Nov,2021,33.7,-117.76,94441.0,43049.0,317682.0,38.3,3170345.0,1826960.0,54061.0,15552.0,667534.0,217089.0,1071393.0,27645.0
Placer,470,35,42230,1863,Nov,2021,39.06,-120.72,93677.0,46023.0,27745.0,42.2,391799.0,314938.0,6310.0,2204.0,31938.0,24914.0,55932.0,1830.0
Plumas,7,0,1938,186,Nov,2021,40,-120.84,57233.0,34334.0,2310.0,51.9,18844.0,16679.0,279.0,350.0,232.0,941.0,1749.0,60.0
Riverside,5358,254,387794,12296,Nov,2021,33.74,-115.99,70732.0,29913.0,300424.0,35.8,2437864.0,1358654.0,157908.0,18852.0,164464.0,190963.0,1204521.0,10987.0
Sacramento,2447,114,168543,6096,Nov,2021,38.45,-121.34,70684.0,34078.0,210174.0,36.4,1537948.0,839349.0,148884.0,9505.0,256464.0,140768.0,360204.0,15579.0
San Benito,79,4,7848,277,Nov,2021,36.6,-121.07,85808.0,33841.0,5709.0,35.7,61547.0,45157.0,523.0,527.0,1745.0,7315.0,37015.0,171.0
San Bernardino,5967,157,375026,12295,Nov,2021,34.84,-116.18,65761.0,26402.0,315656.0,33.6,2162532.0,1212480.0,176523.0,18369.0,159917.0,202057.0,1163038.0,11534.0
San Diego,4340,122,407479,14411,Nov,2021,33.03,-116.74,82426.0,39737.0,353841.0,36.1,3323970.0,2213608.0,164042.0,24373.0,398526.0,286106.0,1126266.0,42978.0
San Francisco,672,11,56601,1899,Nov,2021,37.75,-122.44,119136.0,72041.0,87125.0,38.3,874784.0,392476.0,44930.0,3800.0,300339.0,62702.0,132865.0,161085.0
San Joaquin,1834,62,107679,3374,Nov,2021,37.93,-121.27,68628.0,28928.0,100689.0,34.4,751615.0,387165.0,53116.0,4695.0,119446.0,106196.0,313385.0,5006.0
San Luis Obispo,360,17,31564,1131,Nov,2021,35.39,-120.4,77948.0,38686.0,29547.0,39.5,282517.0,233297.0,4865.0,2383.0,10559.0,18720.0,64275.0,1274.0
San Mateo,629,4,55662,1492,Nov,2021,37.42,-122.33,128091.0,64450.0,46923.0,39.8,765623.0,369924.0,18104.0,3917.0,225027.0,57690.0,184490.0,41094.0
Santa Barbara,553,24,47284,1609,Nov,2021,34.65,-120.02,78925.0,38141.0,54621.0,33.8,444895.0,319547.0,8474.0,4941.0,24678.0,43286.0,203207.0,6141.0
Santa Clara,1929,21,152511,5206,Nov,2021,37.23,-121.7,130890.0,59297.0,135771.0,37.2,1924379.0,801381.0,47379.0,9990.0,724855.0,143857.0,482101.0,39110.0
Santa Cruz,224,3,22217,984,Nov,2021,37.06,-122.01,89986.0,44278.0,31120.0,38.2,273170.0,195781.0,3472.0,1708.0,13563.0,19184.0,91876.0,2971.0
Shasta,458,94,26062,1394,Nov,2021,40.76,-122.04,57139.0,31049.0,26504.0,41.7,179267.0,152586.0,1912.0,4420.0,5772.0,10371.0,18566.0,410.0
Sierra,0,0,216,16,Nov,2021,39.58,-120.52,52103.0,32533.0,271.0,54.0,2898.0,2722.0,3.0,69.0,0.0,16.0,293.0,4.0
Siskiyou,55,9,4732,191,Nov,2021,41.59,-122.54,47403.0,29381.0,7294.0,47.7,43516.0,36195.0,668.0,1686.0,547.0,3434.0,5605.0,36.0
Solano,358,8,47798,1211,Nov,2021,38.27,-121.94,84638.0,36685.0,39388.0,38.3,444538.0,225258.0,60991.0,2531.0,69169.0,41339.0,119294.0,5671.0
Sonoma,412,6,43277,1523,Nov,2021,38.53,-122.89,86173.0,44071.0,43086.0,42.4,496801.0,360200.0,8266.0,4441.0,21239.0,34952.0,134024.0,3926.0
Stanislaus,1386,75,90628,3223,Nov,2021,37.56,-121,62873.0,27225.0,73072.0,34.3,546235.0,384703.0,16961.0,4738.0,32003.0,47592.0,256424.0,1692.0
Sutter,186,7,14621,425,Nov,2021,39.03,-121.69,63502.0,29495.0,12460.0,35.8,96315.0,61307.0,1894.0,1061.0,15997.0,9518.0,30101.0,404.0
Tehama,130,14,10258,379,Nov,2021,40.13,-122.24,48895.0,29012.0,11922.0,40.6,64176.0,53987.0,420.0,865.0,1090.0,4452.0,16435.0,89.0
Trinity,17,6,1020,84,Nov,2021,40.65,-123.11,41780.0,26228.0,2860.0,52.4,12541.0,10694.0,65.0,722.0,244.0,332.0,933.0,61.0
Tulare,1099,97,85885,3656,Nov,2021,36.22,-118.8,52534.0,22092.0,99610.0,31.2,463955.0,309798.0,7606.0,5955.0,17310.0,37160.0,301919.0,1120.0
Tuolumne,91,1,7769,495,Nov,2021,38.03,-119.95,60509.0,35694.0,5564.0,48.7,54147.0,46905.0,1007.0,948.0,753.0,2789.0,6810.0,91.0
Ventura,1191,13,104073,2304,Nov,2021,34.44,-119.09,89295.0,39403.0,74449.0,38.5,845599.0,637686.0,15422.0,6990.0,61239.0,71894.0,361648.0,3998.0
Yolo,260,10,21540,808,Nov,2021,38.68,-121.9,73746.0,36036.0,39197.0,31.1,218774.0,145299.0,5694.0,1420.0,31584.0,21326.0,69341.0,4097.0
Yuba,89,6,10774,383,Nov,2021,39.26,-121.35,59424.0,25774.0,11420.0,33.0,77524.0,56990.0,2632.0,1030.0,5631.0,7561.0,22318.0,175.0
Alameda,1544,37,137645,12478,Dec,2021,37.65,-121.89,104888.0,49883.0,152060.0,37.8,1661584.0,631037.0,171922.0,11037.0,519249.0,130496.0,369546.0,114029.0
Alpine,0,0,113,5,Dec,2021,38.6,-119.82,85750.0,37690.0,139.0,47.6,1159.0,663.0,10.0,360.0,6.0,111.0,183.0,4.0
Amador,70,4,6000,210,Dec,2021,38.45,-120.66,65187.0,33897.0,2872.0,49.9,39023.0,33040.0,931.0,276.0,375.0,2834.0,5591.0,35.0
Butte,341,23,26834,1210,Dec,2021,39.67,-121.6,54972.0,30700.0,39676.0,36.9,223344.0,178568.0,3866.0,2628.0,10743.0,15608.0,37585.0,1010.0
Calaveras,93,5,4739,307,Dec,2021,38.21,-120.55,67054.0,33027.0,5177.0,52.8,45828.0,40058.0,450.0,518.0,864.0,2912.0,5710.0,142.0
Colusa,21,0,3391,127,Dec,2021,39.18,-122.23,59427.0,27614.0,2540.0,35.4,21491.0,17012.0,330.0,239.0,201.0,2308.0,12840.0,13.0
Contra Costa,1073,27,112934,8983,Dec,2021,37.92,-121.93,103997.0,50118.0,93021.0,39.9,1147788.0,608789.0,98569.0,5191.0,200159.0,104757.0,295791.0,56093.0
Del Norte,43,1,3904,127,Dec,2021,41.74,-123.9,49981.0,24361.0,4223.0,40.0,27692.0,20002.0,747.0,1943.0,880.0,2160.0,5552.0,31.0
El Dorado,172,6,19601,1238,Dec,2021,38.78,-120.52,83710.0,44651.0,16018.0,46.3,190345.0,164552.0,1586.0,1312.0,9111.0,8659.0,24773.0,926.0
Fresno,2379,120,163921,6270,Dec,2021,36.76,-119.65,57109.0,25757.0,202296.0,32.4,990204.0,597574.0,46182.0,11604.0,105302.0,84357.0,528293.0,3740.0
Glenn,39,3,4756,159,Dec,2021,39.6,-122.39,51682.0,23715.0,4201.0,35.9,28060.0,22478.0,218.0,631.0,877.0,886.0,11828.0,24.0
Humboldt,122,3,11274,1032,Dec,2021,40.7,-123.88,49235.0,29584.0,26210.0,38.9,136101.0,107151.0,1558.0,6162.0,3948.0,10757.0,16228.0,996.0
Imperial,800,27,42356,3710,Dec,2021,33.04,-115.37,46222.0,18064.0,38408.0,32.5,180580.0,102305.0,4716.0,2111.0,2599.0,19433.0,152880.0,435.0
Inyo,49,3,2775,204,Dec,2021,36.51,-117.41,59296.0,33404.0,1745.0,45.3,17930.0,13705.0,96.0,1924.0,279.0,1398.0,4115.0,60.0
Kern,1918,114,162767,4892,Dec,2021,35.34,-118.73,54851.0,23855.0,175902.0,31.9,892458.0,603368.0,48530.0,8462.0,43381.0,75215.0,480700.0,2266.0
Kings,386,24,36462,1332,Dec,2021,36.07,-119.82,61556.0,22919.0,21908.0,32.0,151090.0,95764.0,9820.0,2232.0,5626.0,13228.0,82954.0,149.0
Lake,117,7,7268,215,Dec,2021,39.1,-122.75,49254.0,29714.0,11057.0,45.3,64276.0,48712.0,1583.0,2540.0,940.0,3234.0,13667.0,160.0
Lassen,54,0,7598,114,Dec,2021,40.67,-120.59,56971.0,20928.0,2769.0,36.8,30600.0,24181.0,2713.0,794.0,471.0,1345.0,5893.0,26.0
Los Angeles,27637,453,1696582,167996,Dec,2021,34.31,-118.23,71358.0,35685.0,1401656.0,36.7,10040682.0,4795186.0,810286.0,78132.0,1488626.0,729532.0,4851344.0,257977.0
Madera,324,13,27510,1096,Dec,2021,37.22,-119.77,61924.0,23212.0,28062.0,34.1,155925.0,94643.0,4919.0,2503.0,3362.0,11853.0,90958.0,224.0
Marin,249,0,21450,2902,Dec,2021,38.07,-122.72,121671.0,74446.0,17522.0,47.1,259441.0,199068.0,6001.0,673.0,15060.0,17433.0,41737.0,10060.0
Mariposa,18,0,1736,129,Dec,2021,37.58,-119.91,50960.0,29882.0,2668.0,51.8,17319.0,15134.0,266.0,392.0,186.0,765.0,2041.0,99.0
Mendocino,105,6,9161,530,Dec,2021,39.44,-123.39,52915.0,30351.0,13929.0,43.4,87110.0,69709.0,424.0,3789.0,1740.0,6565.0,22354.0,67.0
Merced,694,26,47087,1734,Dec,2021,37.19,-120.72,56330.0,23677.0,50124.0,31.2,273661.0,139469.0,8190.0,2885.0,20881.0,16931.0,164836.0,948.0
Modoc,6,1,814,37,Dec,2021,41.59,-120.72,51250.0,25578.0,1537.0,47.6,8853.0,7801.0,123.0,313.0,169.0,201.0,1317.0,0.0
Mono,4,0,2131,232,Dec,2021,37.94,-118.89,64924.0,37103.0,1720.0,39.5,14395.0,11966.0,81.0,407.0,633.0,641.0,3893.0,1286.0
Monterey,643,17,54245,2459,Dec,2021,36.22,-121.24,76943.0,32122.0,50052.0,34.7,432977.0,209849.0,11162.0,3072.0,25186.0,29647.0,255512.0,2438.0
Napa,107,2,14709,1276,Dec,2021,38.51,-122.33,92219.0,46912.0,10163.0,41.8,138572.0,98614.0,2862.0,961.0,10485.0,9742.0,47300.0,940.0
Nevada,110,5,10699,648,Dec,2021,39.3,-120.76,68333.0,41079.0,9345.0,50.5,99417.0,91597.0,410.0,496.0,1108.0,4484.0,9480.0,81.0
Orange,5890,154,358569,23943,Dec,2021,33.7,-117.76,94441.0,43049.0,317682.0,38.3,3170345.0,1826960.0,54061.0,15552.0,667534.0,217089.0,1071393.0,27645.0
Placer,489,19,45394,3164,Dec,2021,39.06,-120.72,93677.0,46023.0,27745.0,42.2,391799.0,314938.0,6310.0,2204.0,31938.0,24914.0,55932.0,1830.0
Plumas,12,5,2050,112,Dec,2021,40,-120.84,57233.0,34334.0,2310.0,51.9,18844.0,16679.0,279.0,350.0,232.0,941.0,1749.0,60.0
Riverside,5501,143,415881,28087,Dec,2021,33.74,-115.99,70732.0,29913.0,300424.0,35.8,2437864.0,1358654.0,157908.0,18852.0,164464.0,190963.0,1204521.0,10987.0
Sacramento,2547,100,180020,11477,Dec,2021,38.45,-121.34,70684.0,34078.0,210174.0,36.4,1537948.0,839349.0,148884.0,9505.0,256464.0,140768.0,360204.0,15579.0
San Benito,83,4,8526,678,Dec,2021,36.6,-121.07,85808.0,33841.0,5709.0,35.7,61547.0,45157.0,523.0,527.0,1745.0,7315.0,37015.0,171.0
San Bernardino,6051,84,400126,25100,Dec,2021,34.84,-116.18,65761.0,26402.0,315656.0,33.6,2162532.0,1212480.0,176523.0,18369.0,159917.0,202057.0,1163038.0,11534.0
San Diego,4469,129,451019,43540,Dec,2021,33.03,-116.74,82426.0,39737.0,353841.0,36.1,3323970.0,2213608.0,164042.0,24373.0,398526.0,286106.0,1126266.0,42978.0
San Francisco,682,10,67747,11146,Dec,2021,37.75,-122.44,119136.0,72041.0,87125.0,38.3,874784.0,392476.0,44930.0,3800.0,300339.0,62702.0,132865.0,161085.0
San Joaquin,1902,68,112798,5119,Dec,2021,37.93,-121.27,68628.0,28928.0,100689.0,34.4,751615.0,387165.0,53116.0,4695.0,119446.0,106196.0,313385.0,5006.0
San Luis Obispo,365,5,33945,2381,Dec,2021,35.39,-120.4,77948.0,38686.0,29547.0,39.5,282517.0,233297.0,4865.0,2383.0,10559.0,18720.0,64275.0,1274.0
San Mateo,636,7,62245,6583,Dec,2021,37.42,-122.33,128091.0,64450.0,46923.0,39.8,765623.0,369924.0,18104.0,3917.0,225027.0,57690.0,184490.0,41094.0
Santa Barbara,568,15,51399,4115,Dec,2021,34.65,-120.02,78925.0,38141.0,54621.0,33.8,444895.0,319547.0,8474.0,4941.0,24678.0,43286.0,203207.0,6141.0
Santa Clara,1969,40,167415,14904,Dec,2021,37.23,-121.7,130890.0,59297.0,135771.0,37.2,1924379.0,801381.0,47379.0,9990.0,724855.0,143857.0,482101.0,39110.0
Santa Cruz,228,4,24242,2025,Dec,2021,37.06,-122.01,89986.0,44278.0,31120.0,38.2,273170.0,195781.0,3472.0,1708.0,13563.0,19184.0,91876.0,2971.0
Shasta,491,33,26993,931,Dec,2021,40.76,-122.04,57139.0,31049.0,26504.0,41.7,179267.0,152586.0,1912.0,4420.0,5772.0,10371.0,18566.0,410.0
Sierra,0,0,227,11,Dec,2021,39.58,-120.52,52103.0,32533.0,271.0,54.0,2898.0,2722.0,3.0,69.0,0.0,16.0,293.0,4.0
Siskiyou,61,6,4908,176,Dec,2021,41.59,-122.54,47403.0,29381.0,7294.0,47.7,43516.0,36195.0,668.0,1686.0,547.0,3434.0,5605.0,36.0
Solano,379,21,50659,2861,Dec,2021,38.27,-121.94,84638.0,36685.0,39388.0,38.3,444538.0,225258.0,60991.0,2531.0,69169.0,41339.0,119294.0,5671.0
Sonoma,418,6,46834,3557,Dec,2021,38.53,-122.89,86173.0,44071.0,43086.0,42.4,496801.0,360200.0,8266.0,4441.0,21239.0,34952.0,134024.0,3926.0
Stanislaus,1438,52,94386,3758,Dec,2021,37.56,-121,62873.0,27225.0,73072.0,34.3,546235.0,384703.0,16961.0,4738.0,32003.0,47592.0,256424.0,1692.0
Sutter,193,7,15184,563,Dec,2021,39.03,-121.69,63502.0,29495.0,12460.0,35.8,96315.0,61307.0,1894.0,1061.0,15997.0,9518.0,30101.0,404.0
Tehama,139,9,10556,298,Dec,2021,40.13,-122.24,48895.0,29012.0,11922.0,40.6,64176.0,53987.0,420.0,865.0,1090.0,4452.0,16435.0,89.0
Trinity,17,0,1054,34,Dec,2021,40.65,-123.11,41780.0,26228.0,2860.0,52.4,12541.0,10694.0,65.0,722.0,244.0,332.0,933.0,61.0
Tulare,1160,61,89376,3491,Dec,2021,36.22,-118.8,52534.0,22092.0,99610.0,31.2,463955.0,309798.0,7606.0,5955.0,17310.0,37160.0,301919.0,1120.0
Tuolumne,91,0,8170,401,Dec,2021,38.03,-119.95,60509.0,35694.0,5564.0,48.7,54147.0,46905.0,1007.0,948.0,753.0,2789.0,6810.0,91.0
Ventura,1211,20,113907,9834,Dec,2021,34.44,-119.09,89295.0,39403.0,74449.0,38.5,845599.0,637686.0,15422.0,6990.0,61239.0,71894.0,361648.0,3998.0
Yolo,270,10,23281,1741,Dec,2021,38.68,-121.9,73746.0,36036.0,39197.0,31.1,218774.0,145299.0,5694.0,1420.0,31584.0,21326.0,69341.0,4097.0
Yuba,99,10,11274,500,Dec,2021,39.26,-121.35,59424.0,25774.0,11420.0,33.0,77524.0,56990.0,2632.0,1030.0,5631.0,7561.0,22318.0,175.0
